AET000_003_a,AET051_003_a
AET000_009_a,AET051_268_a
AET000_015_a,AET030_168_a,AET070_161_a,AET220_307_a,AET270_078_a
AET000_058_a,AET000_065_a
AET000_076_a,AET250_112_a
AET000_081_a,AET430_035_a
AET000_104_a,AET051_249_a,AET220_048_a,AET400_048_a,AET401_048_a,AET402_048_a
AET000_120_a,AET401_120_a
AET000_121_a,AET401_012_a
AET000_411_a,AET000_421_a
AET000_502_a,AET003_998_a,AET007_156_a,AET230_312_a,AET230_358_a,AET250_106_a,AET270_144_a
AET000_520_a,AET030_034_a,AET210_144_a,AET220_974_a,AET230_566_a,AET420_409_a,AET440_002_a,AET602_039_a
AET000_531_a,AET230_369_a,AET420_801_a
AET000_534_a,AET007_096_a,AET051_089_a,AET210_191_a,AET220_785_a,AET220_978_a,AET250_448_a,AET270_585_a,AET400_191_a,AET400_978_a,AET401_191_a,AET401_978_a,AET402_191_a,AET402_978_a,AET406_002_a
AET000_538_a,AET250_304_a,AET250_340_a
AET000_539_a,AET030_250_a
AET000_549_a,AET441_035_a
AET001_002_a,AET420_444_a
AET001_025_a,AET051_012_a,AET051_402_a,AET071_002_a,AET443_128_a
AET001_028_a,AET030_154_a,AET051_013_a
AET001_030_a,AET443_122_a
AET001_033_a,AET230_144_a
AET001_042_a,AET001_505_a,AET443_109_a,AET443_129_a
AET001_045_a,AET003_395_a,AET030_148_a
AET001_065_a,AET051_267_a
AET001_099_a,AET051_123_a
AET001_117_a,AET051_126_a
AET001_500_a,AET001_613_a,AET051_415_a,AET443_108_a
AET001_501_a,AET443_136_a
AET001_506_a,AET071_069_a,AET250_601_a,AET270_013_a,AET443_101_a
AET001_508_a,AET270_590_a
AET001_513_a,AET230_712_a
AET001_515_a,AET003_996_a,AET230_355_a,AET250_107_a,AET250_342_a
AET001_537_a,AET230_141_a,AET601_007_a,AET601_047_a
AET001_539_a,AET420_026_a
AET001_550_a,AET003_396_a,AET030_095_a,AET030_126_a,AET051_043_a,AET051_116_a,AET051_193_a,AET270_141_a,AET440_403_a,AET441_018_a,AET443_221_a
AET001_553_a,AET441_134_a
AET001_573_a,AET210_023_a,AET240_135_a
AET001_597_a,AET440_094_a,AET441_076_a
AET001_600_a,AET003_278_a,AET003_619_a,AET003_732_a,AET003_987_a,AET007_157_a,AET007_470_a,AET030_062_a,AET030_279_a,AET051_204_a,AET051_227_a,AET071_007_a,AET073_004_a,AET073_063_a,AET210_896_a,AET210_908_a,AET220_998_a,AET240_896_a,AET250_998_a,AET400_600_a,AET400_896_a,AET400_998_a,AET401_896_a,AET401_998_a,AET402_600_a,AET402_896_a,AET402_998_a,AET420_438_a,AET440_015_a,AET443_116_a,AET443_145_a,AET443_180_a,AET443_240_a
AET001_612_a,AET003_206_a,AET443_127_a
AET001_616_a,AET230_876_a,AET250_116_a,AET270_218_a
AET001_620_a,AET230_994_a,AET250_994_a,AET400_994_a,AET402_994_a
AET001_629_a,AET441_039_a
AET001_630_a,AET441_009_a
AET002_074_a,AET055_001_a
AET002_091_a,AET070_106_a
AET002_092_a,AET220_262_a
AET002_111_a,AET250_170_a
AET002_501_a,AET030_249_a
AET002_502_a,AET003_889_a,AET030_251_a,AET071_087_a,AET250_121_a
AET002_504_a,AET030_254_a,AET071_075_a,AET250_126_a
AET002_511_a,AET030_299_a
AET002_512_a,AET055_492_a,AET700_214_a
AET002_526_a,AET443_113_a
AET002_532_a,AET003_631_a,AET230_001_a,AET230_002_a,AET230_003_a,AET270_399_a,AET440_025_a
AET002_543_a,AET210_343_a
AET002_548_a,AET443_138_a
AET002_551_a,AET007_115_a,AET055_136_a,AET055_338_a
AET002_554_a,AET440_097_a,AET441_073_a
AET002_555_a,AET440_096_a,AET441_075_a
AET002_556_a,AET440_201_a,AET441_074_a
AET002_558_a,AET220_920_a,AET270_882_a,AET410_113_a,AET440_120_a,AET441_146_a
AET002_561_a,AET222_014_a,AET230_487_a,AET831_007_a
AET002_562_a,AET007_289_a,AET099_523_a,AET230_491_a,AET443_289_a
AET002_564_a,AET220_875_a,AET230_489_a
AET002_565_a,AET007_284_a,AET051_175_a,AET073_141_a,AET099_707_a,AET222_013_a,AET410_531_a
AET002_567_a,AET003_791_a,AET007_243_a
AET002_568_a,AET230_488_a
AET002_572_a,AET090_256_a,AET222_003_a,AET230_490_a,AET443_281_a,AET831_008_a
AET002_573_a,AET222_011_a
AET002_574_a,AET002_580_a,AET007_784_a,AET220_872_a,AET222_008_a,AET230_492_a,AET410_537_a
AET002_576_a,AET007_155_a,AET099_524_a
AET002_578_a,AET007_028_a
AET002_582_a,AET007_780_a
AET002_584_a,AET007_782_a
AET002_585_a,AET007_783_a
AET002_587_a,AET055_235_a,AET210_260_a,AET652_027_a
AET002_900_a,AET013_011_a
AET003_027_a,AET210_379_a,AET443_276_a
AET003_073_a,AET210_193_a,AET250_211_a
AET003_076_a,AET003_392_a,AET030_147_a
AET003_091_a,AET003_645_a,AET210_046_a
AET003_092_a,AET055_202_a
AET003_100_a,AET055_205_a,AET420_415_a
AET003_101_a,AET055_206_a
AET003_104_a,AET007_170_a,AET055_208_a,AET210_139_a,AET220_096_a,AET230_867_a,AET401_096_a,AET410_141_a,AET652_031_a
AET003_109_a,AET055_209_a,AET230_866_a
AET003_111_a,AET055_211_a
AET003_115_a,AET420_405_a
AET003_122_a,AET055_218_a,AET401_123_a
AET003_123_a,AET051_180_a
AET003_149_a,AET003_394_a
AET003_159_a,AET230_606_a
AET003_205_a,AET003_390_a,AET030_136_a,AET070_085_a
AET003_212_a,AET003_591_a,AET030_081_a,AET055_348_a,AET270_208_a
AET003_223_a,AET210_019_a
AET003_241_a,AET003_247_a
AET003_262_a,AET051_102_a,AET220_006_a
AET003_270_a,AET240_010_a
AET003_274_a,AET240_038_a
AET003_283_a,AET240_032_a
AET003_284_a,AET240_018_a
AET003_289_a,AET003_315_a
AET003_298_a,AET240_067_a
AET003_299_a,AET240_171_a,AET410_007_a
AET003_335_a,AET220_023_a
AET003_336_a,AET220_024_a
AET003_339_a,AET003_382_a,AET003_646_a,AET030_325_a,AET210_112_a,AET220_031_a,AET710_031_a
AET003_340_a,AET220_033_a,AET400_033_a,AET401_033_a,AET402_033_a
AET003_341_a,AET055_231_a,AET210_016_a,AET220_037_a
AET003_347_a,AET220_059_a,AET400_059_a,AET401_059_a,AET402_059_a,AET406_046_a
AET003_353_a,AET030_073_a,AET210_240_a,AET223_015_a
AET003_354_a,AET220_109_a,AET400_109_a,AET401_109_a,AET402_109_a
AET003_357_a,AET220_119_a,AET400_119_a,AET401_119_a,AET402_119_a
AET003_358_a,AET220_121_a,AET400_121_a,AET401_121_a,AET402_121_a
AET003_361_a,AET220_142_a,AET400_142_a,AET401_142_a,AET402_142_a
AET003_364_a,AET220_204_a
AET003_365_a,AET220_210_a
AET003_367_a,AET071_068_a,AET250_406_a
AET003_372_a,AET220_761_a,AET400_761_a,AET401_761_a,AET402_761_a
AET003_373_a,AET220_762_a,AET400_762_a,AET401_762_a,AET402_762_a
AET003_374_a,AET220_801_a
AET003_375_a,AET210_296_a,AET400_024_a,AET402_024_a,AET650_024_a
AET003_381_a,AET003_533_a,AET030_072_a,AET070_022_a,AET400_071_a,AET401_071_a,AET402_071_a,AET406_062_a,AET420_309_a,AET441_036_a,AET651_071_a
AET003_383_a,AET220_146_a
AET003_397_a,AET200_043_a
AET003_398_a,AET010_000_a,AET030_149_a
AET003_503_a,AET443_104_a
AET003_504_a,AET443_111_a
AET003_505_a,AET055_280_a
AET003_506_a,AET055_435_a,AET443_165_a
AET003_507_a,AET443_106_a
AET003_513_a,AET250_209_a
AET003_516_a,AET420_603_a,AET443_170_a
AET003_521_a,AET260_207_a,AET443_206_a
AET003_522_a,AET007_581_a,AET270_472_a,AET441_034_a,AET443_209_a,AET700_922_a
AET003_523_a,AET007_582_a
AET003_526_a,AET007_597_a,AET250_148_a
AET003_527_a,AET007_598_a
AET003_534_a,AET030_187_a,AET250_229_a
AET003_537_a,AET201_058_a,AET443_202_a
AET003_538_a,AET003_541_a,AET011_014_a,AET270_206_a
AET003_539_a,AET003_544_a,AET030_029_a,AET270_207_a,AET440_104_a,AET441_083_a,AET443_201_a
AET003_545_a,AET007_180_a
AET003_546_a,AET007_181_a
AET003_549_a,AET003_553_a,AET007_182_a,AET007_183_a,AET230_532_a,AET230_533_a,AET250_450_a,AET441_137_a
AET003_563_a,AET443_147_a
AET003_567_a,AET443_293_a
AET003_570_a,AET400_570_a,AET402_570_a
AET003_584_a,AET007_019_a
AET003_585_a,AET250_035_a
AET003_593_a,AET230_256_a
AET003_595_a,AET003_598_a
AET003_596_a,AET003_601_a,AET443_205_a
AET003_602_a,AET210_346_a,AET250_408_a,AET260_149_a,AET401_346_a,AET441_070_a,AET443_139_a,AET660_004_a
AET003_614_a,AET443_190_a
AET003_616_a,AET071_082_a,AET250_011_a
AET003_617_a,AET055_436_a,AET443_178_a
AET003_622_a,AET201_089_a,AET201_090_a,AET250_202_a,AET270_236_a
AET003_626_a,AET007_496_a,AET051_216_a,AET230_277_a,AET443_264_a
AET003_632_a,AET230_016_a,AET250_017_a
AET003_635_a,AET055_281_a,AET210_141_a,AET260_213_a,AET692_005_a
AET003_636_a,AET030_032_a,AET055_046_a,AET652_026_a
AET003_637_a,AET007_222_a,AET071_085_a,AET090_012_a,AET210_029_a,AET230_872_a,AET420_366_a
AET003_638_a,AET007_226_a
AET003_641_a,AET055_247_a,AET210_145_a,AET692_007_a
AET003_648_a,AET055_236_a,AET210_137_a,AET220_128_a,AET652_028_a
AET003_649_a,AET003_681_a,AET007_520_a,AET055_237_a,AET210_138_a,AET443_213_a
AET003_661_a,AET071_041_a,AET250_407_a
AET003_666_a,AET210_110_a
AET003_667_a,AET210_280_a,AET659_009_a
AET003_668_a,AET210_349_a
AET003_669_a,AET055_243_a,AET210_350_a,AET653_025_a
AET003_686_a,AET443_117_a
AET003_688_a,AET443_133_a
AET003_691_a,AET443_131_a
AET003_693_a,AET443_134_a
AET003_696_a,AET007_316_a,AET210_299_a,AET406_028_a,AET440_117_a
AET003_705_a,AET210_135_a
AET003_706_a,AET420_399_a
AET003_707_a,AET030_101_a,AET210_149_a,AET420_521_a
AET003_717_a,AET030_285_a
AET003_729_a,AET443_141_a
AET003_730_a,AET443_163_a
AET003_731_a,AET443_164_a
AET003_734_a,AET443_151_a
AET003_735_a,AET240_042_a,AET420_032_a,AET443_152_a
AET003_738_a,AET210_256_a,AET221_018_a
AET003_743_a,AET250_129_a
AET003_746_a,AET270_168_a
AET003_749_a,AET270_161_a
AET003_762_a,AET210_456_a
AET003_767_a,AET210_459_a
AET003_768_a,AET210_460_a
AET003_788_a,AET030_329_a
AET003_801_a,AET003_806_a
AET003_802_a,AET003_807_a
AET003_804_a,AET003_809_a
AET003_835_a,AET210_086_a,AET220_086_a
AET003_836_a,AET210_087_a,AET220_087_a
AET003_848_a,AET003_875_a,AET007_142_a
AET003_855_a,AET270_435_a
AET003_856_a,AET270_436_a
AET003_857_a,AET270_437_a
AET003_890_a,AET030_256_a,AET250_118_a
AET003_892_a,AET220_185_a,AET420_461_a
AET003_893_a,AET220_186_a
AET003_895_a,AET030_282_a,AET051_183_a,AET270_459_a,AET420_395_a,AET441_032_a,AET441_082_a
AET003_900_a,AET210_198_a,AET220_052_a,AET230_195_a,AET440_400_a
AET003_914_a,AET220_161_a
AET003_915_a,AET220_162_a
AET003_917_a,AET003_918_a
AET003_931_a,AET210_050_a
AET003_942_a,AET210_223_a
AET003_984_a,AET003_989_a
AET003_985_a,AET003_993_a
AET005_012_a,AET005_013_a
AET005_016_a,AET005_021_a
AET005_038_a,AET055_560_a,AET492_510_a,AET801_730_a
AET005_103_a,AET007_069_a
AET007_001_a,AET270_488_a
AET007_032_a,AET220_509_a
AET007_039_a,AET401_039_a
AET007_040_a,AET401_040_a
AET007_048_a,AET230_522_a
AET007_053_a,AET230_857_a
AET007_080_a,AET420_400_a
AET007_107_a,AET401_107_a
AET007_108_a,AET401_108_a
AET007_138_a,AET030_326_a
AET007_139_a,AET030_327_a
AET007_151_a,AET220_257_a
AET007_158_a,AET230_307_a
AET007_165_a,AET030_209_a,AET210_365_a,AET220_075_a,AET230_308_a
AET007_166_a,AET210_171_a
AET007_201_a,AET230_011_a
AET007_203_a,AET230_176_a
AET007_211_a,AET220_836_a,AET230_375_a,AET260_132_a,AET401_132_a
AET007_223_a,AET210_049_a,AET220_208_a,AET420_367_a
AET007_231_a,AET007_703_a,AET260_172_a
AET007_247_a,AET301_020_a
AET007_288_a,AET099_522_a,AET220_874_a,AET221_054_a,AET222_012_a,AET230_496_a
AET007_322_a,AET260_055_a
AET007_323_a,AET260_017_a
AET007_324_a,AET260_011_a
AET007_327_a,AET090_010_a,AET210_394_a
AET007_332_a,AET221_029_a,AET223_029_a
AET007_420_a,AET230_270_a
AET007_422_a,AET230_271_a
AET007_429_a,AET230_113_a
AET007_466_a,AET055_459_a
AET007_472_a,AET240_029_a,AET440_408_a
AET007_477_a,AET240_064_a
AET007_478_a,AET240_066_a
AET007_483_a,AET240_047_a
AET007_488_a,AET240_149_a
AET007_489_a,AET240_152_a
AET007_490_a,AET240_251_a
AET007_495_a,AET055_277_a,AET221_012_a,AET223_012_a,AET230_504_a
AET007_498_a,AET230_505_a
AET007_506_a,AET073_005_a,AET220_766_a
AET007_521_a,AET210_614_a,AET220_292_a,AET420_351_a,AET420_462_a
AET007_523_a,AET221_003_a,AET223_003_a
AET007_524_a,AET220_777_a
AET007_525_a,AET220_772_a
AET007_570_a,AET230_105_a
AET007_571_a,AET230_156_a
AET007_573_a,AET055_595_a
AET007_579_a,AET230_168_a
AET007_580_a,AET230_142_a
AET007_601_a,AET210_484_a
AET007_602_a,AET210_485_a
AET007_676_a,AET230_735_a
AET007_677_a,AET230_737_a
AET007_683_a,AET230_432_a
AET007_693_a,AET220_260_a
AET007_700_a,AET260_023_a
AET007_702_a,AET260_026_a
AET007_704_a,AET260_175_a
AET008_024_a,AET064_014_a
AET008_033_a,AET220_669_a
AET008_034_a,AET220_670_a
AET008_192_a,AET064_030_a
AET008_300_a,AET240_302_a
AET008_354_a,AET008_355_a
AET008_386_a,AET220_672_a
AET008_387_a,AET220_673_a
AET010_004_a,AET030_188_a,AET602_019_a
AET010_005_a,AET051_036_a,AET602_013_a
AET030_008_a,AET030_317_a,AET210_042_a
AET030_010_a,AET030_308_a,AET071_005_a
AET030_011_a,AET220_840_a,AET240_164_a,AET400_840_a,AET401_840_a,AET402_840_a,AET440_442_a,AET443_234_a
AET030_012_a,AET055_541_a,AET240_158_a
AET030_026_a,AET051_040_a,AET602_020_a
AET030_027_a,AET210_263_a
AET030_033_a,AET652_011_a
AET030_036_a,AET200_194_a
AET030_039_a,AET055_061_a,AET055_221_a,AET230_565_a,AET270_201_a,AET401_025_a
AET030_042_a,AET603_006_a
AET030_047_a,AET406_079_a
AET030_063_a,AET030_351_a,AET210_400_a,AET220_091_a
AET030_064_a,AET210_401_a
AET030_069_a,AET030_319_a,AET443_223_a
AET030_075_a,AET030_198_a,AET066_006_a,AET401_203_a,AET402_203_a,AET697_000_a
AET030_083_a,AET710_036_a
AET030_086_a,AET210_206_a,AET603_010_a
AET030_087_a,AET210_360_a
AET030_088_a,AET210_207_a
AET030_091_a,AET210_313_a
AET030_100_a,AET210_133_a
AET030_124_a,AET700_023_a
AET030_130_a,AET603_031_a
AET030_131_a,AET098_000_a
AET030_145_a,AET070_092_a
AET030_151_a,AET210_226_a
AET030_152_a,AET600_007_a
AET030_155_a,AET700_073_a
AET030_156_a,AET210_309_a,AET710_009_a
AET030_160_a,AET071_028_a,AET651_057_a
AET030_197_a,AET055_234_a,AET210_229_a,AET220_975_a
AET030_199_a,AET051_150_a,AET220_751_a,AET406_074_a
AET030_207_a,AET073_167_a,AET210_324_a,AET420_343_a
AET030_217_a,AET443_236_a
AET030_232_a,AET210_391_a,AET221_011_a
AET030_234_a,AET210_506_a
AET030_237_a,AET210_507_a
AET030_239_a,AET210_508_a,AET250_332_a,AET420_383_a
AET030_255_a,AET260_655_a,AET830_006_a
AET030_259_a,AET210_117_a,AET210_705_a
AET030_261_a,AET210_307_a
AET030_262_a,AET210_306_a
AET030_264_a,AET055_225_a
AET030_277_a,AET220_763_a
AET030_280_a,AET270_229_a
AET030_284_a,AET055_227_a
AET030_291_a,AET210_192_a,AET402_192_a
AET030_302_a,AET221_055_a,AET230_561_a
AET030_321_a,AET070_044_a
AET030_324_a,AET055_230_a
AET030_501_a,AET401_014_a
AET051_035_a,AET420_508_a,AET602_011_a,AET801_998_a
AET051_049_a,AET071_107_a,AET700_087_a
AET051_125_a,AET700_143_a
AET051_173_a,AET600_017_a
AET051_174_a,AET600_018_a
AET051_218_a,AET420_025_a
AET051_225_a,AET230_067_a
AET051_228_a,AET260_050_a
AET051_238_a,AET410_002_a
AET051_243_a,AET410_101_a
AET051_428_a,AET410_149_a
AET051_513_a,AET430_014_a
AET051_514_a,AET430_030_a
AET055_026_a,AET800_504_a
AET055_037_a,AET055_326_a,AET652_002_a
AET055_038_a,AET652_003_a
AET055_072_a,AET055_339_a,AET700_140_a
AET055_081_a,AET055_481_a
AET055_131_a,AET430_018_a
AET055_164_a,AET260_629_a
AET055_233_a,AET210_113_a,AET420_402_a,AET710_032_a
AET055_244_a,AET210_351_a,AET656_002_a
AET055_269_a,AET240_223_a
AET055_283_a,AET210_014_a
AET055_295_a,AET073_142_a,AET410_108_a
AET055_312_a,AET055_313_a
AET055_315_a,AET055_616_a
AET055_327_a,AET652_001_a
AET055_328_a,AET652_007_a
AET055_332_a,AET420_322_a
AET055_334_a,AET070_114_a
AET055_349_a,AET230_304_a
AET055_362_a,AET073_174_a
AET055_433_a,AET700_065_a
AET055_440_a,AET410_510_a
AET055_457_a,AET260_032_a
AET055_469_a,AET410_015_a
AET055_474_a,AET410_169_a
AET055_478_a,AET420_349_a
AET055_483_a,AET420_365_a
AET055_488_a,AET492_999_a,AET801_999_a
AET055_503_a,AET410_036_a
AET055_512_a,AET240_115_a
AET055_523_a,AET410_123_a
AET055_550_a,AET420_386_a
AET055_594_a,AET210_085_a,AET270_883_a
AET055_619_a,AET420_326_a
AET066_013_a,AET066_055_a
AET066_017_a,AET230_853_a,AET410_218_a
AET066_021_a,AET995_083_a
AET066_022_a,AET260_033_a
AET066_030_a,AET066_034_a,AET066_048_a,AET066_090_a
AET066_060_a,AET066_102_a
AET066_061_a,AET066_103_a
AET001_085_a,AET270_403_a,AET270_807_a,AET440_019_a
AET055_331_a,AET070_118_a,AET230_835_a,AET420_302_a,AET420_346_a
AET420_331_a,AET430_057_a
AET066_066_a,AET410_154_a
AET066_108_a,AET099_810_a
AET066_205_a,AET071_046_a,AET250_147_a
AET070_008_a,AET210_282_a,AET220_019_a,AET230_331_a,AET250_316_a
AET070_020_a,AET420_306_a
AET070_028_a,AET210_302_a,AET420_407_a
AET070_117_a,AET420_345_a
AET070_119_a,AET420_017_a
AET070_127_a,AET420_340_a
AET070_129_a,AET420_339_a
AET070_130_a,AET420_337_a
AET070_136_a,AET420_522_a
AET070_144_a,AET420_321_a
AET070_145_a,AET420_361_a
AET070_154_a,AET420_338_a
AET070_158_a,AET420_319_a
AET070_159_a,AET420_308_a
AET070_162_a,AET420_390_a
AET070_200_a,AET210_084_a,AET250_169_a,AET270_509_a
AET070_202_a,AET210_419_a,AET220_882_a,AET260_201_a,AET420_432_a
AET071_011_a,AET220_034_a,AET400_034_a,AET401_034_a,AET402_034_a
AET071_014_a,AET220_143_a
AET071_020_a,AET220_860_a
AET071_024_a,AET220_909_a,AET400_909_a,AET401_909_a,AET402_909_a
AET071_029_a,AET700_084_a
AET071_030_a,AET700_086_a
AET071_039_a,AET250_128_a
AET071_040_a,AET073_021_a,AET250_025_a
AET071_042_a,AET250_413_a
AET071_044_a,AET250_046_a
AET071_049_a,AET250_137_a
AET071_050_a,AET250_135_a
AET071_051_a,AET220_180_a,AET410_139_a,AET420_064_a
AET071_056_a,AET250_416_a
AET071_058_a,AET250_021_a
AET071_059_a,AET250_409_a
AET071_061_a,AET221_005_a,AET223_005_a,AET230_006_a,AET240_075_a,AET250_143_a,AET420_380_a,AET440_416_a
AET071_063_a,AET441_105_a
AET071_066_a,AET250_031_a
AET071_070_a,AET250_405_a
AET071_071_a,AET250_404_a
AET071_076_a,AET250_312_a
AET071_077_a,AET250_421_a
AET071_081_a,AET250_015_a
AET071_088_a,AET250_124_a
AET071_094_a,AET250_033_a
AET071_095_a,AET221_045_a,AET250_045_a
AET071_099_a,AET250_260_a
AET071_101_a,AET210_037_a,AET220_946_a,AET221_007_a,AET223_007_a,AET230_365_a,AET240_055_a,AET250_449_a,AET441_130_a
AET071_102_a,AET073_183_a,AET220_919_a,AET250_159_a,AET250_314_a,AET270_881_a
AET071_105_a,AET700_094_a
AET071_106_a,AET700_092_a
AET071_108_a,AET700_085_a
AET071_116_a,AET700_082_a
AET073_036_a,AET210_601_a,AET220_918_a,AET420_436_a
AET073_038_a,AET210_389_a,AET220_056_a,AET260_205_a,AET270_200_a,AET420_430_a
AET073_056_a,AET260_122_a
AET073_105_a,AET410_019_a
AET073_131_a,AET410_529_a
AET073_143_a,AET410_129_a
AET073_178_a,AET220_757_a,AET410_143_a
AET090_252_a,AET222_005_a
AET090_255_a,AET222_010_a,AET301_237_a
AET090_500_a,AET090_507_a
AET099_182_a,AET250_226_a
AET110_301_a,AET250_131_a
AET200_033_a,AET210_298_a
AET200_049_a,AET201_091_a,AET250_213_a
AET200_061_a,AET220_107_a
AET200_188_a,AET210_291_a
AET201_092_a,AET250_214_a
AET201_097_a,AET210_320_a,AET250_210_a
AET210_018_a,AET220_273_a,AET406_038_a,AET420_414_a,AET443_159_a
AET210_036_a,AET210_259_a
AET210_044_a,AET443_277_a
AET210_052_a,AET220_309_a
AET210_097_a,AET210_293_a
AET210_123_a,AET220_227_a
AET210_157_a,AET220_945_a
AET210_181_a,AET402_181_a
AET210_202_a,AET651_103_a
AET210_273_a,AET609_003_a
AET210_281_a,AET659_012_a
AET210_325_a,AET420_045_a
AET210_411_a,AET210_704_a
AET210_470_a,AET441_002_a
AET210_481_a,AET220_095_a,AET400_095_a
AET210_625_a,AET220_931_a
AET210_482_a,AET220_951_a
AET210_501_a,AET220_985_a,AET221_072_a,AET230_243_a
AET210_549_a,AET220_229_a,AET220_247_a,AET400_247_a
AET210_554_a,AET400_554_a,AET401_554_a,AET402_554_a
AET210_615_a,AET220_293_a,AET420_352_a,AET420_463_a
AET210_616_a,AET220_294_a,AET420_353_a
AET210_626_a,AET220_133_a,AET420_520_a
AET210_627_a,AET220_930_a
AET210_632_a,AET410_195_a
AET221_031_a,AET223_031_a
AET210_707_a,AET210_721_a
AET210_715_a,AET210_722_a
AET210_761_a,AET210_772_a
AET220_016_a,AET400_016_a,AET401_016_a,AET402_016_a,AET406_027_a,AET410_012_a
AET220_064_a,AET220_677_a,AET400_064_a,AET401_064_a,AET402_064_a
AET220_084_a,AET400_084_a
AET220_100_a,AET400_100_a,AET401_100_a,AET402_100_a
AET220_139_a,AET406_061_a
AET220_157_a,AET400_157_a,AET402_157_a
AET220_184_a,AET420_458_a
AET220_187_a,AET250_167_a
AET220_188_a,AET250_168_a
AET220_207_a,AET441_089_a
AET220_248_a,AET400_248_a
AET220_285_a,AET401_285_a,AET406_050_a
AET220_287_a,AET401_287_a,AET406_042_a
AET220_291_a,AET260_209_a,AET420_427_a
AET220_304_a,AET400_304_a,AET401_304_a,AET402_304_a
AET220_321_a,AET260_117_a
AET220_504_a,AET400_504_a,AET401_504_a,AET402_504_a
AET220_510_a,AET400_510_a,AET402_510_a
AET220_514_a,AET406_011_a
AET220_517_a,AET260_221_a
AET220_753_a,AET400_753_a,AET401_753_a,AET402_753_a
AET220_754_a,AET400_754_a,AET401_754_a,AET402_754_a
AET003_656_a,AET030_185_a,AET030_502_a,AET210_090_a,AET220_114_a,AET400_114_a,AET401_114_a,AET402_114_a,AET410_142_a,AET420_330_a,AET462_045_a
AET220_770_a,AET260_631_a
AET220_814_a,AET700_150_a
AET220_815_a,AET700_151_a
AET220_862_a,AET400_862_a
AET220_863_a,AET400_863_a,AET402_863_a
AET220_877_a,AET221_053_a
AET220_879_a,AET221_051_a
AET220_913_a,AET406_001_a
AET220_922_a,AET420_459_a
AET220_987_a,AET400_987_a,AET401_987_a,AET402_987_a,AET406_048_a
AET221_020_a,AET223_020_a
AET221_022_a,AET223_022_a
AET221_025_a,AET223_025_a
AET221_026_a,AET223_026_a
AET221_028_a,AET223_028_a
AET221_030_a,AET223_030_a
AET221_032_a,AET223_032_a
AET221_035_a,AET223_035_a
AET221_041_a,AET223_041_a
AET221_050_a,AET223_050_a
AET221_060_a,AET223_060_a,AET270_080_a
AET221_441_a,AET223_441_a
AET222_002_a,AET230_486_a
AET230_008_a,AET230_009_a
AET230_081_a,AET712_028_a
AET230_155_a,AET230_518_a
AET230_193_a,AET270_468_a
AET030_066_a,AET220_290_a,AET400_290_a,AET401_290_a,AET402_290_a
AET230_392_a,AET230_741_a,AET230_743_a
AET230_409_a,AET443_254_a
AET230_556_a,AET230_608_a,AET441_057_a
AET230_601_a,AET441_011_a
AET230_602_a,AET441_131_a
AET230_616_a,AET441_029_a
AET230_617_a,AET441_030_a
AET230_818_a,AET430_032_a
AET230_851_a,AET420_800_a
AET230_871_a,AET700_102_a
AET230_874_a,AET250_162_a
AET240_000_a,AET250_108_a
AET240_011_a,AET440_413_a
AET240_023_a,AET440_410_a
AET240_027_a,AET440_414_a
AET240_049_a,AET601_043_a
AET240_111_a,AET420_607_a
AET030_049_a,AET220_007_a,AET230_380_a,AET260_333_a
AET240_122_a,AET440_409_a
AET240_206_a,AET250_232_a
AET250_165_a,AET300_010_a
AET250_166_a,AET420_316_a
AET260_003_a,AET420_420_a
AET260_053_a,AET420_421_a
AET260_091_a,AET420_422_a
AET260_110_a,AET400_110_a,AET402_110_a,AET420_423_a
AET260_120_a,AET420_424_a
AET260_128_a,AET420_426_a
AET260_162_a,AET420_341_a
AET260_194_a,AET401_194_a
AET260_402_a,AET420_428_a
AET260_626_a,AET410_174_a
AET260_652_a,AET410_137_a
AET260_660_a,AET410_167_a
AET270_015_a,AET270_169_a,AET270_391_a,AET270_551_a,AET400_391_a,AET402_391_a
AET270_183_a,AET441_086_a
AET270_462_a,AET653_022_a
AET270_505_a,AET420_376_a
AET270_598_a,AET620_039_a
AET270_800_a,AET270_802_a
AET270_801_a,AET270_803_a
AET402_020_a,AET651_002_a
AET402_942_a,AET820_942_a
AET402_943_a,AET820_943_a
AET402_944_a,AET820_944_a
AET410_042_a,AET410_237_a
AET410_206_a,AET410_225_a
AET410_540_a,AET410_553_a
AET420_019_a,AET420_020_a
AET003_712_a,AET270_165_a
AET420_411_a,AET440_004_a
AET420_412_a,AET440_005_a
AET440_009_a,AET440_114_a
AET440_421_a,AET731_002_a
AET443_143_a,AET651_035_a
AET462_109_a,AET820_440_a
AET462_110_a,AET820_673_a,AET820_869_a
AET462_123_a,AET462_127_a
AET462_140_a,AET820_660_a
AET490_251_a,AET801_251_a
AET003_230_a,AET250_430_a
AET005_110_a,AET490_020_a,AET500_817_a,AET500_833_a,AET500_834_a,AET801_220_a,AET811_040_a,AET815_020_a
AET801_090_a,AET801_335_a
AET801_241_a,AET813_511_a
AET801_830_a,AET810_500_a,AET811_580_a
AET802_001_a,AET802_002_a
AET811_540_a,AET811_550_a
AET820_083_a,AET820_091_a
AET820_681_a,AET820_941_a
AET820_720_a,AET820_885_a
AET462_120_a,AET462_130_a
AET003_628_a,AET007_552_a,AET070_001_a,AET210_056_a,AET210_230_a,AET220_275_a,AET221_009_a,AET223_009_a,AET406_039_a
AET067_912_a,AET067_915_a
AET030_037_a,AET210_031_a,AET270_193_a
AET000_080_a,AET000_400_a,AET000_401_a,AET000_406_a,AET000_544_a,AET001_554_a,AET001_628_a,AET003_350_a,AET003_739_a,AET003_757_a,AET004_900_a,AET007_073_a,AET007_460_a,AET007_701_a,AET008_505_a,AET030_021_a,AET030_173_a,AET030_213_a,AET030_245_a,AET030_246_a,AET050_005_a,AET050_997_a,AET050_998_a,AET050_999_a,AET051_025_a,AET051_200_a,AET051_210_a,AET051_421_a,AET055_333_a,AET055_606_a,AET090_000_a,AET090_995_a,AET098_004_a,AET099_976_a,AET099_981_a,AET099_986_a,AET099_987_a,AET099_988_a,AET099_990_a,AET099_999_a,AET210_170_a,AET210_276_a,AET210_940_a,AET220_282_a,AET220_299_a,AET220_400_a,AET220_640_a,AET220_881_a,AET220_986_a,AET230_091_a,AET230_207_a,AET230_209_a,AET230_450_a,AET230_456_a,AET230_626_a,AET230_817_a,AET230_913_a,AET250_054_a,AET250_100_a,AET250_315_a,AET250_640_a,AET260_080_a,AET260_860_a,AET270_016_a,AET270_221_a,AET270_222_a,AET270_223_a,AET270_224_a,AET270_225_a,AET270_230_a,AET270_231_a,AET270_476_a,AET270_487_a,AET270_500_a,AET270_501_a,AET270_992_a,AET301_239_a,AET401_988_a,AET402_282_a,AET410_228_a,AET420_382_a,AET441_112_a,AET441_118_a,AET441_136_a,AET443_120_a,AET462_051_a,AET462_149_a,AET602_010_a,AET700_163_a,AET700_164_a,AET700_165_a,AET700_174_a,AET700_180_a,AET700_182_a,AET820_045_a,AET820_402_a,AET820_930_a
AET030_305_a,AET071_090_a,AET230_235_a,AET250_311_a
AET003_652_a,AET003_694_a,AET051_261_a,AET073_172_a,AET210_125_a,AET220_254_a,AET230_190_a,AET250_010_a,AET410_134_a,AET430_068_a,AET606_002_a
AET003_725_a,AET220_912_a,AET400_912_a,AET401_010_a,AET401_912_a,AET402_912_a,AET406_000_a,AET406_006_a,AET443_146_a
AET003_172_a,AET003_604_a,AET007_218_a,AET007_325_a,AET240_114_a,AET270_034_a,AET443_167_a,AET443_247_a
AET003_724_a,AET070_113_a,AET220_051_a,AET270_245_a,AET400_051_a,AET401_051_a,AET402_051_a
AET051_187_a,AET230_356_a,AET230_537_a,AET420_447_a,AET440_035_a,AET440_079_a,AET441_025_a
AET001_557_a,AET051_190_a,AET270_581_a,AET420_441_a,AET440_029_a,AET441_001_a
AET003_380_a,AET051_172_a,AET400_001_a,AET401_001_a,AET402_001_a,AET600_000_a
AET055_341_a,AET260_121_a,AET400_120_a,AET402_120_a,AET420_053_a,AET420_425_a
AET071_098_a,AET073_016_a,AET250_415_a,AET270_227_a,AET490_271_a,AET820_962_a
AET003_610_a,AET007_476_a,AET007_486_a,AET220_303_a,AET240_016_a,AET240_030_a,AET400_303_a,AET401_303_a,AET402_303_a,AET440_404_a
AET001_559_a,AET051_022_a,AET051_191_a,AET051_232_a,AET230_455_a,AET240_013_a,AET260_144_a,AET270_583_a,AET420_445_a,AET440_028_a,AET441_004_a
AET001_082_a,AET001_504_a,AET070_121_a,AET071_078_a,AET250_411_a,AET400_082_a,AET401_082_a,AET402_082_a,AET443_110_a
AET003_348_a,AET220_063_a,AET400_063_a,AET401_063_a,AET402_063_a
AET003_634_a,AET210_143_a,AET260_211_a,AET406_065_a,AET652_034_a
AET030_074_a,AET210_095_a,AET250_225_a,AET401_022_a,AET700_020_a
AET051_186_a,AET230_022_a,AET270_587_a,AET420_446_a,AET440_036_a
AET071_072_a,AET250_300_a,AET270_172_a,AET270_237_a,AET410_024_a
AET402_615_a,AET462_142_a,AET820_615_a,AET820_662_a,AET820_706_a
AET230_094_a,AET260_083_a,AET410_118_a,AET420_989_a,AET441_101_a,AET462_017_a,AET462_170_a,AET820_121_a
AET003_508_a,AET055_161_a,AET055_603_a,AET066_232_a,AET210_605_a,AET230_226_a,AET230_299_a,AET270_600_a,AET441_141_a,AET443_166_a,AET443_212_a,AET620_036_a,AET800_502_a
AET000_542_a,AET051_189_a,AET420_449_a,AET440_033_a
AET003_253_a,AET250_309_a,AET250_341_a,AET420_027_a
AET003_258_a,AET003_891_a,AET070_163_a,AET250_138_a
AET003_737_a,AET090_030_a,AET210_254_a,AET221_017_a
AET003_753_a,AET003_799_a,AET270_464_a,AET443_177_a
AET005_075_a,AET005_095_a,AET066_035_a,AET066_059_a
AET007_210_a,AET055_156_a,AET066_036_a,AET066_058_a
AET007_474_a,AET240_070_a,AET250_317_a,AET440_441_a
AET030_208_a,AET073_168_a,AET210_366_a,AET420_342_a
AET030_231_a,AET070_009_a,AET210_390_a,AET221_010_a
AET055_292_a,AET055_293_a,AET055_526_a,AET410_130_a
AET055_527_a,AET073_144_a,AET410_131_a,AET410_506_a
AET071_073_a,AET071_074_a,AET250_301_a,AET250_313_a
AET073_149_a,AET210_500_a,AET230_242_a,AET270_188_a
AET201_096_a,AET250_212_a,AET410_217_a,AET420_350_a
AET210_950_a,AET070_003_a,AET220_950_a,AET430_950_a
AET002_521_a,AET003_346_a,AET003_501_a,AET007_574_a,AET030_092_a,AET070_201_a,AET210_078_a,AET220_057_a,AET250_230_a,AET260_206_a,AET400_057_a,AET401_057_a,AET402_057_a,AET420_389_a
AET001_052_a,AET003_402_a,AET030_194_a,AET071_111_a,AET230_082_a,AET430_088_a
AET001_509_a,AET001_510_a,AET002_120_a,AET220_505_a,AET400_505_a,AET401_505_a,AET402_505_a,AET420_012_a,AET443_107_a,AET443_137_a
AET030_328_a,AET055_180_a,AET055_500_a
AET001_059_a,AET001_610_a,AET003_682_a,AET051_309_a,AET051_417_a,AET440_426_a,AET443_119_a
AET003_640_a,AET003_680_a,AET055_239_a,AET055_511_a,AET210_140_a,AET420_416_a,AET652_032_a
AET030_071_a,AET051_152_a,AET071_008_a,AET210_158_a,AET240_159_a,AET401_072_a,AET440_419_a
AET030_283_a,AET210_359_a,AET240_137_a,AET270_190_a,AET406_045_a,AET420_016_a,AET441_085_a
AET055_593_a,AET220_076_a,AET260_208_a,AET270_211_a,AET420_431_a
AET055_490_a,AET073_116_a,AET099_334_a,AET260_374_a
AET000_501_a,AET230_357_a,AET440_424_a
AET001_525_a,AET003_611_a,AET220_080_a
AET002_506_a,AET210_076_a,AET220_035_a
AET003_114_a,AET230_868_a,AET420_404_a
AET003_393_a,AET030_195_a,AET200_174_a
AET003_502_a,AET055_591_a,AET230_770_a
AET003_600_a,AET230_704_a,AET443_204_a
AET003_837_a,AET210_089_a,AET220_976_a
AET005_116_a,AET051_167_a,AET230_069_a,AET430_055_a
AET005_506_a,AET007_207_a,AET401_207_a
AET005_511_a,AET210_168_a,AET420_501_a,AET710_018_a
AET007_092_a,AET066_071_a,AET220_249_a,AET260_060_a,AET420_505_a,AET821_005_a
AET007_202_a,AET051_221_a,AET230_012_a
AET007_212_a,AET007_321_a,AET260_019_a
AET007_482_a,AET240_062_a,AET440_068_a
AET007_484_a,AET210_030_a,AET240_173_a,AET440_108_a
AET007_494_a,AET055_602_a,AET055_609_a,AET240_036_a
AET030_050_a,AET230_059_a,AET230_240_a
AET030_265_a,AET055_226_a,AET210_005_a
AET051_236_a,AET051_429_a,AET410_014_a,AET410_148_a
AET051_241_a,AET064_076_a,AET410_001_a
AET055_246_a,AET210_142_a,AET692_006_a
AET055_345_a,AET652_017_a,AET652_018_a
AET055_363_a,AET073_173_a,AET240_092_a,AET420_031_a
AET071_034_a,AET071_109_a,AET700_083_a
AET210_059_a,AET221_027_a,AET223_027_a,AET230_362_a
AET210_061_a,AET210_104_a,AET210_213_a
AET210_197_a,AET260_215_a,AET652_038_a
AET210_610_a,AET071_080_a,AET250_032_a
AET220_765_a,AET402_765_a,AET420_465_a
AET221_002_a,AET223_002_a,AET250_062_a
AET240_174_a,AET260_102_a,AET420_041_a
AET260_160_a,AET260_161_a,AET420_384_a
AET468_025_a,AET468_026_a,AET468_027_a
AET490_560_a,AET801_510_a,AET801_980_a,AET811_530_a
AET801_010_a,AET801_015_a,AET801_480_a
AET820_880_a,AET820_957_a
AET055_552_a,AET410_172_a
AET099_730_a,AET005_069_a,AET007_076_a,AET055_468_a,AET210_234_a,AET210_235_a,AET220_813_a,AET230_437_a,AET240_125_a,AET250_331_a,AET270_353_a
AET003_113_a,AET003_360_a,AET007_315_a,AET055_212_a,AET070_146_a,AET071_062_a,AET200_117_a,AET210_288_a,AET230_605_a,AET230_861_a,AET250_142_a,AET406_026_a,AET410_166_a,AET440_116_a,AET443_157_a
AET001_128_a,AET001_127_a,AET220_512_a,AET400_512_a,AET402_512_a
AET001_502_a,AET250_600_a,AET270_011_a,AET270_024_a,AET443_100_a
AET030_030_a,AET210_196_a,AET250_400_a,AET601_028_a,AET601_030_a
AET003_277_a,AET250_150_a,AET270_300_a,AET820_014_a
AET003_331_a,AET220_683_a,AET240_053_a,AET400_000_a,AET401_000_a,AET402_000_a,AET420_054_a
AET003_413_a,AET030_133_a,AET070_088_a,AET200_059_a,AET210_218_a,AET600_006_a,AET600_013_a
AET051_504_a,AET000_146_a,AET030_038_a,AET051_023_a,AET051_028_a,AET051_235_a,AET406_080_a
AET462_005_a,AET462_077_a,AET820_680_a,AET820_864_a,AET820_883_a,AET820_940_a,AET820_958_a
AET240_071_a,AET007_161_a
AET003_307_a,AET051_031_a,AET051_206_a,AET051_405_a,AET220_755_a,AET602_007_a
AET055_470_a,AET073_171_a,AET230_476_a,AET230_710_a,AET410_133_a,AET430_067_a
AET001_558_a,AET001_615_a,AET007_097_a,AET051_192_a,AET051_194_a,AET210_580_a,AET220_783_a,AET230_731_a,AET230_881_a,AET230_883_a,AET250_151_a,AET270_030_a,AET270_582_a,AET400_023_a,AET401_023_a,AET402_580_a,AET406_083_a,AET420_439_a,AET420_443_a,AET440_024_a,AET440_027_a,AET441_003_a,AET441_017_a,AET441_022_a,AET450_011_a,AET450_013_a,AET450_015_a
AET003_177_a,AET003_178_a,AET003_179_a,AET003_180_a,AET007_061_a,AET007_336_a,AET051_253_a,AET051_408_a,AET051_505_a,AET051_508_a,AET055_133_a,AET055_135_a,AET220_108_a,AET420_605_a,AET443_257_a
AET066_001_a,AET005_047_a,AET090_285_a,AET210_562_a,AET220_245_a,AET220_923_a,AET220_982_a,AET400_245_a,AET400_982_a,AET401_982_a,AET402_982_a
AET066_033_a,AET066_056_a,AET066_073_a,AET066_092_a,AET420_606_a,AET700_212_a,AET700_216_a,AET700_217_a,AET700_218_a,AET700_222_a
AET005_077_a,AET005_096_a,AET210_153_a,AET440_080_a
AET003_377_a,AET003_532_a,AET220_849_a,AET220_857_a,AET400_857_a,AET401_857_a,AET402_857_a,AET651_008_a,AET651_067_a
AET462_134_a,AET462_135_a
AET000_052_a,AET051_062_a
AET000_505_a,AET270_401_a
AET001_061_a,AET051_061_a
AET001_066_a,AET001_068_a
AET001_104_a,AET230_759_a,AET230_855_a,AET230_860_a,AET250_160_a,AET270_496_a
AET002_534_a,AET003_663_a
AET002_575_a,AET007_600_a
AET002_591_a,AET230_880_a,AET230_888_a,AET230_917_a,AET250_117_a,AET270_214_a
AET003_055_a,AET441_142_a
AET003_170_a,AET007_217_a,AET220_864_a,AET260_009_a
AET003_292_a,AET270_021_a
AET003_509_a,AET270_148_a
AET003_517_a,AET443_182_a
AET003_562_a,AET443_148_a
AET003_690_a,AET443_168_a
AET003_838_a,AET210_088_a
AET005_011_a,AET250_219_a
AET005_073_a,AET995_038_a
AET007_109_a,AET007_118_a,AET220_176_a,AET400_176_a
AET007_291_a,AET240_119_a
AET007_465_a,AET055_458_a
AET007_493_a,AET240_004_a
AET030_347_a,AET030_345_a,AET099_724_a,AET230_790_a
AET051_184_a,AET700_208_a
AET051_208_a,AET055_453_a,AET240_021_a,AET440_405_a
AET055_323_a,AET420_374_a
AET055_400_a,AET030_169_a
AET055_475_a,AET410_170_a
AET066_029_a,AET066_032_a,AET066_095_a,AET995_035_a
AET066_091_a,AET260_034_a
AET066_093_a,AET066_098_a
AET066_109_a,AET099_680_a
AET066_219_a,AET099_657_a
AET070_126_a,AET801_210_a
AET070_139_a,AET210_111_a
AET071_067_a,AET250_402_a
AET073_028_a,AET250_263_a
AET099_300_a,AET441_013_a
AET200_018_a,AET600_015_a
AET210_027_a,AET270_026_a
AET210_064_a,AET210_199_a,AET250_014_a,AET420_044_a
AET210_160_a,AET221_013_a
AET210_164_a,AET210_708_a
AET210_559_a,AET210_768_a
AET220_117_a,AET270_014_a
AET220_196_a,AET220_197_a
AET220_515_a,AET260_710_a
AET220_518_a,AET260_621_a
AET220_876_a,AET221_056_a
AET230_043_a,AET230_569_a
AET230_073_a,AET230_031_a
AET230_154_a,AET430_089_a
AET230_187_a,AET030_053_a
AET230_388_a,AET420_057_a
AET230_391_a,AET270_083_a
AET230_451_a,AET230_499_a
AET230_709_a,AET410_040_a
AET240_068_a,AET410_145_a
AET270_400_a,AET270_809_a
AET270_431_a,AET270_469_a
AET270_475_a,AET003_267_a,AET051_052_a,AET220_009_a,AET220_055_a,AET410_104_a,AET430_060_a,AET700_204_a
AET410_052_a,AET410_229_a
AET410_192_a,AET410_193_a
AET430_091_a,AET462_095_a
AET440_055_a,AET443_266_a
AET441_062_a,AET441_067_a
AET443_123_a,AET603_002_a
AET462_092_a,AET462_094_a
AET462_124_a,AET462_126_a
AET462_125_a,AET462_128_a
AET462_157_a,AET462_161_a
AET490_030_a,AET490_250_a
AET005_201_a,AET468_050_a
AET820_862_a,AET820_878_a
AET820_909_a,AET820_960_a
AET066_050_a,AET003_313_a,AET250_334_a
AET813_030_a,AET221_059_a,AET223_059_a,AET811_050_a,AET813_040_a,AET815_022_a
AET007_227_a,AET000_529_a,AET003_171_a,AET007_214_a,AET051_229_a,AET099_302_a,AET220_865_a,AET230_368_a,AET401_529_a
AET008_502_a,AET210_002_a,AET220_171_a,AET220_678_a,AET400_017_a,AET400_171_a,AET401_021_a,AET401_171_a,AET402_022_a,AET402_171_a,AET420_001_a,AET420_052_a
AET001_017_a,AET007_425_a,AET210_080_a,AET230_181_a,AET230_246_a,AET230_311_a
AET055_126_a,AET490_570_a,AET492_500_a,AET801_770_a,AET813_520_a,AET816_500_a
AET055_479_a,AET210_551_a,AET400_551_a,AET401_551_a,AET402_551_a,AET420_364_a
AET003_515_a,AET007_150_a,AET055_361_a,AET240_207_a,AET250_022_a,AET260_344_a,AET420_602_a,AET443_181_a
AET003_612_a,AET030_077_a,AET210_063_a,AET240_089_a,AET250_006_a,AET250_423_a,AET420_043_a,AET443_188_a
AET003_338_a,AET003_672_a,AET007_331_a,AET030_323_a,AET055_229_a,AET210_048_a,AET220_030_a,AET400_030_a,AET401_030_a,AET401_323_a,AET402_030_a,AET406_029_a
AET073_176_a,AET210_121_a
AET001_077_a,AET220_050_a,AET400_050_a,AET400_077_a,AET401_050_a,AET401_077_a,AET402_050_a,AET402_077_a,AET406_058_a
AET003_355_a,AET030_078_a,AET030_352_a,AET210_009_a,AET220_110_a,AET230_064_a,AET230_516_a
AET007_225_a,AET070_103_a,AET210_013_a,AET260_212_a,AET270_018_a,AET410_140_a,AET420_003_a
AET001_075_a,AET230_244_a,AET230_313_a,AET240_096_a
AET030_171_a,AET007_480_a,AET240_120_a,AET420_379_a,AET440_417_a
AET051_414_a,AET001_617_a,AET051_127_a,AET220_279_a,AET230_447_a,AET230_751_a,AET230_877_a,AET230_892_a,AET230_894_a,AET270_219_a,AET400_279_a,AET401_279_a,AET402_279_a,AET406_041_a,AET441_019_a,AET441_049_a,AET443_268_a
AET002_515_a,AET003_500_a,AET420_413_a,AET441_077_a,AET443_211_a
AET003_308_a,AET055_329_a,AET055_452_a,AET210_114_a,AET652_008_a
AET003_551_a,AET003_764_a,AET270_209_a,AET270_302_a,AET441_031_a
AET003_574_a,AET073_051_a,AET220_312_a,AET250_023_a,AET420_417_a
AET003_654_a,AET003_659_a,AET071_045_a,AET250_041_a,AET443_203_a
AET030_006_a,AET400_012_a,AET401_011_a,AET402_011_a,AET406_071_a
AET030_297_a,AET210_488_a,AET210_629_a,AET250_155_a,AET270_151_a
AET051_185_a,AET070_147_a,AET073_084_a,AET220_178_a,AET443_158_a
AET220_759_a,AET270_471_a,AET400_759_a,AET401_759_a,AET402_759_a
AET003_651_a,AET007_690_a,AET201_095_a,AET210_124_a,AET230_189_a,AET250_208_a,AET270_467_a,AET410_216_a
AET002_542_a,AET003_165_a,AET210_129_a,AET210_342_a,AET220_156_a,AET230_363_a,AET402_542_a
AET490_050_a,AET490_080_a,AET490_170_a,AET492_000_a,AET801_260_a,AET801_290_a,AET813_050_a,AET816_000_a
AET210_169_a,AET001_037_a,AET001_074_a,AET001_108_a,AET001_611_a,AET030_093_a,AET030_096_a,AET051_112_a,AET051_165_a,AET210_709_a,AET230_182_a,AET230_314_a,AET230_333_a,AET240_090_a,AET250_102_a,AET402_037_a,AET420_440_a,AET440_026_a,AET440_062_a,AET441_026_a,AET441_038_a,AET443_218_a
AET030_238_a,AET210_499_a
AET098_001_a,AET001_114_a,AET007_565_a,AET051_092_a,AET210_532_a,AET230_378_a
AET003_120_a,AET003_420_a,AET003_424_a,AET003_426_a,AET003_428_a,AET003_430_a,AET055_215_a,AET270_170_a
AET000_535_a,AET030_290_a,AET210_066_a
AET000_601_a,AET051_007_a,AET051_506_a
AET001_556_a,AET000_011_a,AET051_188_a,AET270_588_a,AET420_448_a,AET440_034_a
AET001_605_a,AET001_631_a,AET441_037_a
AET002_057_a,AET003_986_a,AET220_175_a,AET810_030_a,AET810_040_a,AET811_070_a,AET811_071_a
AET003_098_a,AET055_203_a,AET651_050_a
AET003_117_a,AET003_225_a,AET055_213_a
AET003_163_a,AET210_161_a,AET220_201_a,AET400_201_a,AET401_201_a,AET402_201_a
AET003_273_a,AET230_718_a,AET240_014_a
AET003_352_a,AET030_216_a,AET220_097_a
AET003_627_a,AET055_438_a,AET230_177_a,AET230_293_a,AET430_080_a,AET443_265_a
AET003_751_a,AET210_487_a,AET270_491_a
AET005_015_a,AET005_020_a,AET250_206_a
AET007_045_a,AET220_963_a,AET221_061_a
AET007_093_a,AET007_692_a,AET220_259_a
AET007_200_a,AET230_084_a,AET230_625_a
AET007_206_a,AET055_155_a,AET230_478_a
AET007_492_a,AET210_563_a,AET240_087_a
AET007_714_a,AET230_255_a,AET820_874_a
AET030_000_a,AET030_306_a,AET443_232_a
AET030_019_a,AET030_022_a,AET443_238_a,AET653_009_a
AET030_116_a,AET070_077_a,AET220_174_a
AET030_170_a,AET221_048_a,AET223_048_a,AET270_079_a,AET410_047_a,AET441_143_a,AET441_144_a
AET030_220_a,AET030_293_a,AET700_944_a
AET030_313_a,AET030_172_a,AET051_065_a,AET055_337_a,AET210_038_a,AET210_115_a,AET400_022_a,AET401_024_a,AET402_025_a,AET443_239_a
AET055_130_a,AET230_050_a,AET430_010_a
AET055_342_a,AET070_026_a,AET700_142_a
AET030_067_a,AET230_834_a
AET073_146_a,AET230_557_a,AET240_118_a,AET240_124_a,AET430_101_a,AET995_036_a
AET099_200_a,AET221_063_a,AET260_895_a
AET210_035_a,AET210_081_a,AET220_911_a,AET220_977_a
AET210_486_a,AET230_760_a,AET270_430_a
AET220_122_a,AET220_022_a,AET400_081_a,AET401_081_a,AET402_081_a,AET406_081_a
AET220_780_a,AET260_005_a,AET441_114_a
AET402_070_a,AET005_070_a,AET440_439_a
AET410_103_a,AET410_105_a,AET410_191_a
AET002_583_a,AET003_639_a,AET007_781_a,AET210_017_a,AET220_127_a,AET401_127_a,AET406_032_a,AET500_816_a
AET007_317_a,AET005_079_a,AET005_080_a,AET230_631_a
AET001_071_a,AET001_001_a,AET030_043_a,AET071_001_a,AET210_184_a,AET402_014_a
AET003_904_a,AET055_258_a,AET055_411_a,AET250_205_a,AET440_440_a
AET003_708_a,AET071_097_a,AET250_262_a,AET500_803_a
AET003_983_a,AET003_988_a,AET220_015_a,AET490_090_a
AET003_229_a,AET003_776_a,AET005_088_a,AET030_119_a,AET030_266_a,AET066_208_a,AET090_270_a,AET210_152_a,AET220_099_a,AET220_246_a,AET230_886_a,AET400_246_a,AET410_164_a
AET003_218_a,AET071_003_a
AET003_224_a,AET003_118_a,AET055_217_a,AET055_465_a,AET073_107_a,AET073_108_a,AET210_377_a,AET270_191_a,AET693_001_a
AET000_603_a,AET030_146_a,AET051_047_a,AET250_018_a,AET410_124_a,AET601_000_a
AET003_276_a,AET007_475_a,AET240_025_a,AET440_412_a
AET003_334_a,AET007_220_a,AET210_012_a,AET410_514_a
AET003_431_a,AET003_121_a,AET007_487_a,AET240_116_a
AET003_452_a,AET051_450_a,AET073_147_a,AET240_156_a
AET013_002_a,AET099_636_a,AET099_654_a,AET999_653_a
AET030_035_a,AET210_006_a,AET220_020_a,AET260_136_a
AET051_033_a,AET051_129_a,AET051_256_a,AET602_009_a
AET051_119_a,AET221_000_a,AET230_873_a,AET406_005_a
AET055_454_a,AET240_022_a,AET240_168_a,AET440_406_a
AET071_052_a,AET220_179_a,AET410_138_a,AET420_457_a
AET220_106_a,AET400_106_a,AET401_106_a,AET402_106_a
AET440_115_a,AET007_052_a,AET440_007_a,AET443_187_a
AET402_080_a,AET005_508_a,AET210_414_a,AET230_367_a,AET230_734_a,AET997_897_a
AET001_005_a,AET001_203_a,AET030_189_a,AET030_342_a,AET030_343_a,AET210_185_a,AET210_415_a,AET210_521_a,AET210_522_a,AET210_526_a,AET250_110_a,AET250_447_a,AET441_125_a
AET073_043_a,AET000_105_a,AET003_590_a,AET030_051_a,AET051_182_a,AET250_019_a,AET250_412_a,AET250_418_a,AET260_063_a,AET420_408_a,AET440_001_a,AET603_009_a
AET073_078_a,AET051_009_a,AET051_042_a,AET220_281_a,AET230_393_a,AET230_836_a,AET230_899_a,AET400_281_a,AET401_281_a,AET402_281_a,AET410_223_a,AET430_084_a
AET003_366_a,AET220_092_a,AET220_752_a,AET400_092_a,AET401_092_a,AET402_092_a
AET009_010_a,AET030_080_a,AET221_024_a,AET223_024_a,AET401_080_a
AET071_093_a,AET051_041_a,AET051_133_a,AET051_306_a,AET220_896_a,AET250_056_a
AET420_002_a,AET000_548_a,AET003_683_a,AET210_412_a,AET270_466_a,AET443_118_a
AET250_233_a,AET003_279_a,AET003_531_a,AET003_723_a,AET260_150_a,AET270_305_a,AET270_454_a,AET443_121_a
AET007_095_a,AET210_105_a,AET210_106_a,AET220_038_a,AET220_784_a,AET400_038_a,AET400_105_a,AET401_038_a,AET401_105_a,AET402_038_a,AET402_105_a,AET406_082_a,AET443_140_a
AET000_519_a,AET230_134_a,AET400_519_a,AET402_519_a,AET443_102_a
AET003_099_a,AET055_043_a,AET055_204_a,AET230_869_a,AET420_406_a,AET652_012_a
AET003_119_a,AET055_214_a,AET210_146_a,AET210_362_a,AET260_210_a,AET652_036_a
AET003_436_a,AET051_046_a,AET051_132_a,AET071_115_a,AET073_059_a
AET003_861_a,AET003_887_a,AET220_878_a,AET250_171_a,AET443_290_a
AET005_037_a,AET055_561_a,AET492_010_a,AET801_230_a
AET007_110_a,AET007_119_a,AET007_188_a,AET220_177_a,AET400_177_a
AET011_012_a,AET051_181_a,AET051_400_a,AET051_406_a,AET410_226_a
AET030_318_a,AET003_701_a,AET030_018_a,AET210_020_a,AET443_105_a
AET220_043_a,AET400_043_a,AET401_043_a,AET402_043_a
AET220_280_a,AET400_280_a,AET401_280_a,AET402_280_a,AET443_267_a
AET462_074_a,AET462_146_a
AET410_026_a,AET071_092_a,AET250_055_a,AET410_029_a,AET410_037_a
AET492_001_a,AET801_261_a,AET801_271_a,AET801_291_a,AET801_341_a,AET813_051_a
AET820_721_a,AET820_886_a
AET003_102_a,AET002_522_a,AET055_207_a,AET210_147_a,AET210_358_a,AET220_771_a,AET221_040_a,AET223_040_a,AET652_037_a
AET055_336_a,AET420_310_a
AET490_140_a,AET801_240_a,AET801_310_a,AET813_010_a
AET005_501_a,AET051_058_a,AET051_154_a,AET051_248_a,AET250_320_a,AET420_036_a
AET007_576_a,AET051_010_a,AET230_102_a,AET440_012_a
AET820_741_a,AET820_868_a,AET820_907_a
AET055_486_a,AET055_487_a
AET005_084_a,AET066_212_a,AET221_033_a
AET007_469_a,AET051_412_a,AET055_340_a,AET240_015_a,AET420_023_a,AET420_050_a,AET440_411_a
AET210_510_a,AET250_419_a,AET260_061_a,AET420_450_a
AET007_575_a,AET011_013_a
AET064_900_a,AET067_920_a,AET067_921_a,AET067_922_a,AET067_923_a,AET220_943_a
AET003_769_a,AET030_068_a
AET005_025_a,AET410_128_a
AET220_501_a,AET051_004_a,AET220_502_a,AET220_503_a,AET400_501_a,AET400_502_a,AET400_503_a,AET401_501_a,AET401_502_a,AET401_503_a,AET402_501_a,AET402_502_a,AET402_503_a
AET000_530_a,AET007_215_a,AET051_230_a,AET230_370_a,AET260_600_a
AET001_527_a,AET001_534_a,AET270_393_a,AET400_534_a,AET402_534_a
AET002_114_a,AET210_504_a,AET220_973_a,AET401_973_a,AET406_047_a
AET002_594_a,AET002_595_a,AET005_082_a,AET005_093_a,AET005_117_a,AET066_047_a,AET066_062_a,AET400_002_a,AET401_002_a,AET402_002_a
AET210_535_a,AET220_516_a
AET440_065_a,AET440_123_a
AET003_684_a,AET210_413_a,AET220_519_a,AET240_056_a,AET270_465_a,AET420_381_a,AET443_115_a
AET030_070_a,AET030_312_a,AET210_208_a,AET700_074_a
AET030_079_a,AET030_353_a,AET055_222_a,AET210_055_a
AET066_002_a,AET005_087_a,AET230_477_a,AET230_630_a,AET402_087_a,AET997_898_a
AET220_079_a,AET410_203_a
AET001_051_a,AET001_105_a,AET003_400_a,AET003_401_a,AET071_083_a,AET071_113_a,AET210_186_a,AET250_008_a
AET066_077_a,AET003_620_a,AET003_660_a,AET005_504_a,AET030_166_a,AET030_224_a,AET066_118_a,AET210_224_a
AET051_307_a,AET230_395_a,AET230_439_a,AET230_898_a,AET440_048_a
AET811_000_a,AET270_474_a
AET055_223_a,AET210_108_a,AET220_093_a
AET001_131_a,AET440_066_a
AET051_202_a,AET070_107_a,AET220_774_a,AET420_006_a,AET462_070_a
AET051_305_a,AET051_308_a,AET220_278_a,AET220_284_a,AET400_278_a,AET400_284_a,AET401_278_a,AET401_284_a,AET402_278_a,AET402_284_a
AET000_010_a,AET071_000_a,AET220_807_a
AET000_102_a,AET051_422_a
AET000_142_a,AET001_133_a,AET051_233_a
AET000_143_a,AET051_234_a,AET051_269_a,AET051_410_a
AET000_536_a,AET007_566_a
AET001_014_a,AET001_060_a,AET003_613_a,AET443_189_a
AET001_083_a,AET270_402_a,AET270_808_a
AET001_130_a,AET007_027_a,AET270_851_a
AET001_530_a,AET400_530_a,AET402_530_a,AET602_054_a
AET001_532_a,AET220_089_a
AET001_560_a,AET001_562_a
AET001_603_a,AET001_604_a,AET230_801_a,AET230_970_a,AET230_971_a,AET430_049_a,AET441_135_a
AET002_113_a,AET210_505_a
AET002_507_a,AET230_298_a
AET002_530_a,AET240_127_a,AET713_020_a
AET002_533_a,AET030_344_a,AET030_348_a,AET055_168_a,AET055_514_a,AET066_065_a,AET230_397_a,AET230_469_a,AET250_323_a,AET270_599_a,AET410_034_a
AET003_107_a,AET055_248_a,AET692_009_a
AET003_164_a,AET003_209_a,AET030_257_a
AET003_173_a,AET003_621_a,AET007_326_a,AET051_270_a
AET003_220_a,AET654_014_a
AET003_240_a,AET003_248_a
AET003_288_a,AET055_276_a,AET260_339_a,AET500_811_a
AET003_310_a,AET070_108_a
AET003_312_a,AET030_236_a,AET210_498_a,AET250_330_a
AET003_514_a,AET005_009_a,AET005_019_a
AET003_558_a,AET210_122_a,AET402_023_a
AET003_581_a,AET400_581_a,AET402_581_a,AET410_008_a
AET003_586_a,AET250_036_a,AET500_802_a
AET003_603_a,AET005_503_a,AET250_322_a
AET003_644_a,AET800_501_a
AET003_692_a,AET003_798_a,AET443_135_a
AET003_733_a,AET240_061_a
AET005_044_a,AET005_046_a
AET005_067_a,AET240_800_a
AET005_081_a,AET066_052_a,AET440_427_a
AET007_017_a,AET007_018_a
AET007_050_a,AET230_806_a
AET007_078_a,AET066_028_a,AET066_225_a
AET007_102_a,AET007_103_a
AET007_205_a,AET055_151_a,AET230_083_a
AET007_208_a,AET051_223_a
AET007_712_a,AET073_908_a
AET030_017_a,AET210_001_a
AET030_020_a,AET051_038_a,AET051_262_a,AET602_015_a
AET030_125_a,AET070_091_a
AET030_129_a,AET602_017_a
AET051_072_a,AET441_122_a,AET820_118_a
AET051_203_a,AET003_363_a,AET003_385_a
AET051_413_a,AET000_521_a,AET000_551_a
AET051_445_a,AET210_361_a
AET055_125_a,AET500_810_a
AET055_181_a,AET410_144_a,AET410_547_a
AET055_462_a,AET210_454_a
AET066_015_a,AET995_218_a
AET066_020_a,AET066_076_a
AET066_064_a,AET066_116_a
AET070_142_a,AET420_377_a
AET070_150_a,AET420_033_a,AET420_049_a
AET071_033_a,AET220_211_a,AET220_750_a,AET700_202_a
AET071_053_a,AET073_180_a,AET410_511_a
AET073_057_a,AET073_068_a
AET073_125_a,AET270_160_a
AET099_723_a,AET821_007_a,AET821_010_a
AET201_008_a,AET230_025_a,AET650_007_a
AET210_040_a,AET220_979_a
AET210_062_a,AET210_233_a
AET210_069_a,AET210_172_a,AET220_970_a
AET210_103_a,AET601_012_a,AET601_031_a
AET260_020_a,AET441_115_a
AET210_566_a,AET260_037_a
AET210_568_a,AET420_372_a
AET210_760_a,AET210_771_a
AET210_852_a,AET220_842_a,AET240_113_a
AET220_000_a,AET400_013_a,AET402_013_a
AET220_318_a,AET230_922_a,AET260_058_a,AET400_318_a
AET220_511_a,AET230_495_a,AET400_511_a,AET402_511_a
AET210_297_a,AET220_880_a,AET820_928_a
AET220_917_a,AET003_816_a,AET270_880_a,AET420_433_a
AET220_952_a,AET250_140_a
AET230_090_a,AET250_217_a,AET651_010_a
AET230_441_a,AET230_539_a
AET230_519_a,AET230_521_a
AET230_705_a,AET007_578_a,AET030_244_a,AET230_147_a
AET240_155_a,AET402_021_a
AET270_010_a,AET270_198_a
AET400_990_a,AET820_624_a
AET402_812_a,AET220_812_a,AET400_812_a
AET406_009_a,AET406_999_a
AET410_027_a,AET410_221_a
AET410_111_a,AET410_507_a
AET420_391_a,AET001_569_a,AET007_468_a
AET462_052_a,AET820_046_a,AET820_056_a,AET820_057_a
AET490_502_a,AET063_000_a,AET801_750_a,AET813_530_a
AET605_012_a,AET051_170_a
AET801_110_a,AET811_030_a
AET820_441_a,AET820_901_a
AET820_445_a,AET820_458_a
AET820_884_a,AET820_887_a
AET051_431_a,AET820_451_a
AET001_531_a,AET210_710_a,AET220_090_a,AET601_010_a,AET601_045_a,AET601_050_a
AET210_232_a,AET220_893_a
AET001_018_a,AET001_126_a,AET400_018_a,AET401_018_a,AET402_018_a
AET007_286_a,AET099_171_a
AET210_376_a,AET220_310_a,AET221_039_a,AET223_039_a,AET604_005_a,AET653_030_a
AET490_010_a,AET490_070_a,AET801_080_a,AET810_020_a,AET811_020_a
AET030_090_a,AET051_032_a,AET051_205_a,AET210_130_a,AET420_005_a,AET602_008_a
AET001_121_a,AET007_025_a,AET230_879_a,AET260_867_a,AET400_004_a,AET401_004_a,AET402_004_a,AET420_604_a,AET443_249_a
AET406_078_a,AET430_105_a
AET001_129_a,AET001_122_a,AET051_006_a,AET066_209_a,AET270_850_a,AET410_239_a
AET003_599_a,AET055_249_a
AET210_177_a,AET410_016_a
AET055_530_a,AET490_060_a
AET210_692_a,AET210_693_a,AET443_273_a,AET443_274_a
AET030_004_a,AET220_776_a,AET443_233_a
AET003_536_a,AET030_099_a,AET201_063_a,AET210_132_a,AET443_200_a
AET003_653_a,AET443_208_a
AET240_028_a,AET440_407_a
AET073_123_a,AET230_086_a,AET250_013_a,AET410_021_a,AET440_054_a,AET440_443_a,AET604_001_a
AET250_420_a,AET210_511_a,AET260_062_a,AET420_451_a
AET210_120_a,AET220_172_a
AET001_022_a,AET001_538_a,AET003_403_a,AET260_073_a
AET003_965_a,AET066_226_a,AET210_060_a,AET230_319_a,AET270_204_a
AET066_074_a,AET700_215_a,AET700_219_a,AET700_223_a,AET700_224_a
AET210_776_a,AET820_647_a
AET003_391_a,AET003_411_a,AET011_000_a,AET030_014_a,AET030_248_a,AET055_019_a,AET210_010_a,AET410_011_a
AET000_005_a,AET051_056_a
AET001_507_a,AET001_520_a,AET001_571_a,AET443_112_a
AET001_624_a,AET001_625_a,AET001_627_a
AET002_531_a,AET230_473_a,AET240_128_a
AET003_356_a,AET030_040_a,AET210_179_a
AET003_427_a,AET003_421_a,AET003_429_a
AET003_451_a,AET073_148_a,AET240_150_a
AET003_618_a,AET055_437_a,AET443_179_a
AET003_752_a,AET230_400_a,AET230_494_a
AET003_765_a,AET070_016_a
AET005_014_a,AET005_018_a,aet005_031_a
AET005_065_a,AET210_560_a,AET402_066_a
AET007_116_a,AET070_155_a,AET420_320_a
AET030_024_a,AET003_577_a,AET030_023_a
AET030_184_a,AET030_278_a,AET220_764_a
AET030_205_a,AET210_051_a,AET420_368_a
AET051_002_a,AET051_447_a,AET051_501_a
AET051_053_a,AET230_203_a,AET430_017_a
AET051_166_a,AET051_168_a,AET430_050_a,AET430_056_a
AET051_246_a,AET443_282_a
AET055_035_a,AET055_360_a,AET652_000_a
AET055_343_a,AET602_027_a
AET055_501_a,AET073_177_a,AET410_188_a
AET055_604_a,AET220_098_a,AET410_151_a
AET066_000_a,AET066_075_a,AET420_394_a,AET995_080_a
AET066_051_a,AET240_148_a,AET420_358_a
AET073_034_a,AET073_050_a,AET420_300_a
AET230_071_a,AET820_113_a
AET071_054_a,AET073_000_a,AET250_037_a
AET071_086_a,AET250_310_a
AET071_096_a,AET073_085_a,AET250_146_a,AET250_417_a
AET073_132_a,AET410_530_a
AET210_021_a,AET030_311_a
AET220_045_a,AET402_045_a
AET220_166_a,AET440_063_a,AET820_114_a
AET220_203_a,AET230_051_a,AET400_203_a
AET220_513_a,AET406_051_a,AET410_205_a
AET220_800_a,AET221_023_a,AET223_023_a
AET220_811_a,AET400_021_a,AET400_811_a
AET230_373_a,AET230_384_a
AET230_837_a,AET410_177_a,AET410_178_a
AET270_042_a,AET270_044_a
AET270_192_a,AET441_090_a
AET490_000_a,AET490_130_a,AET490_150_a
AET813_510_a,AET801_740_a
AET820_872_a,AET270_494_a,AET462_071_a
AET400_122_a,AET401_122_a,AET402_122_a
AET240_154_a,AET003_215_a,AET007_491_a,AET240_054_a
AET000_016_a,AET230_289_a
AET000_078_a,AET051_063_a
AET001_006_a,AET001_101_a
AET001_533_a,AET240_043_a
AET002_007_a,AET003_233_a
AET003_222_a,AET003_245_a
AET003_231_a,AET420_418_a
AET003_261_a,AET220_005_a
AET003_433_a,AET055_087_a
AET003_629_a,AET003_858_a
AET003_745_a,AET210_252_a
AET005_045_a,AET005_068_a
AET007_035_a,AET007_059_a
AET007_149_a,AET260_059_a
AET030_041_a,AET030_314_a
AET030_082_a,AET210_334_a
AET030_315_a,AET030_498_a
AET051_020_a,AET051_021_a
AET051_105_a,AET073_140_a
AET051_106_a,AET051_108_a
AET055_290_a,AET055_291_a
AET055_335_a,AET420_315_a
AET055_502_a,AET410_168_a
AET064_077_a,AET410_004_a
AET066_014_a,AET066_037_a
AET066_099_a,AET250_951_a
AET070_099_a,AET210_008_a
AET070_166_a,AET220_134_a
AET073_072_a,AET073_076_a
AET220_017_a,AET070_149_a
AET220_049_a,AET009_002_a
AET220_806_a,AET230_042_a
AET230_197_a,AET230_517_a
AET230_421_a,AET230_428_a
AET230_604_a,AET000_014_a
AET230_726_a,AET260_054_a
AET260_035_a,AET420_307_a
AET260_065_a,AET260_068_a
AET270_187_a,AET441_087_a
AET270_250_a,AET270_458_a
AET410_122_a,AET410_236_a
AET420_318_a,AET420_363_a
AET003_242_a,AET210_762_a
AET220_618_a,AET700_946_a
AET051_059_a,AET001_540_a,AET007_428_a,AET420_062_a
AET000_085_a,AET420_008_a
AET000_094_a,AET000_101_a
AET003_175_a,AET230_374_a
AET003_181_a,AET007_335_a,AET055_350_a
AET003_512_a,AET005_050_a,AET230_191_a
AET003_715_a,AET073_017_a
AET003_803_a,AET003_808_a
AET003_843_a,AET030_276_a
AET007_002_a,AET270_202_a
AET007_044_a,AET007_055_a
AET007_350_a,AET250_153_a
AET030_057_a,AET210_126_a
AET030_361_a,AET030_360_a
AET051_207_a,AET420_317_a
AET055_320_a,AET410_107_a
AET055_449_a,AET055_605_a
AET066_107_a,AET490_999_a
AET070_110_a,AET070_132_a
AET073_030_a,AET250_265_a
AET073_110_a,AET073_112_a
AET090_501_a,AET090_506_a
AET210_220_a,AET406_031_a
AET210_363_a,AET230_055_a
AET220_841_a,AET230_850_a
AET220_892_a,AET270_164_a
AET230_045_a,AET260_069_a
AET230_382_a,AET230_514_a
AET260_105_a,AET260_106_a
AET260_173_a,AET260_195_a
AET260_176_a,AET260_196_a
AET270_070_a,AET820_954_a
AET410_044_a,AET410_147_a
AET462_075_a,AET462_156_a
AET820_607_a,AET820_661_a
AET250_952_a,AET820_956_a
