AET000_003_n,AET051_003_n,AET051_060_n
AET000_008_n,AET051_425_n
AET000_009_n,AET051_268_n
AET000_010_n,AET071_000_n
AET000_015_n,AET030_168_n,AET070_140_n,AET070_161_n,AET270_078_n
AET000_050_n,AET210_122_n
AET000_063_n,AET250_410_n
AET000_076_n,AET250_112_n
AET000_078_n,AET051_063_n,AET051_120_n
AET000_102_n,AET051_422_n
AET000_104_n,AET051_249_n,AET220_048_n,AET400_048_n,AET401_048_n,AET402_048_n
AET000_120_n,AET401_120_n
AET000_121_n,AET401_012_n
AET000_165_n,AET000_420_n
AET000_400_n,AET051_424_n
AET000_401_n,AET055_482_n,AET220_401_n,AET406_018_n
AET000_403_n,AET220_403_n
AET000_405_n,AET051_426_n
AET000_407_n,AET051_020_n,AET051_169_n
AET000_408_n,AET401_408_n
AET000_409_n,AET000_602_n
AET000_411_n,AET401_411_n
AET000_501_n,AET230_357_n,AET440_424_n
AET000_520_n,AET030_034_n,AET210_144_n,AET220_974_n,AET230_566_n,AET420_409_n,AET440_002_n,AET602_039_n
AET000_521_n,AET051_413_n,AET443_282_n
AET000_528_n,AET055_055_n,AET230_371_n,AET260_611_n
AET000_529_n,AET230_368_n,AET401_529_n
AET000_536_n,AET007_566_n
AET000_539_n,AET030_250_n,AET250_313_n
AET000_542_n,AET051_189_n,AET420_449_n,AET440_033_n
AET000_545_n,AET230_875_n,AET250_115_n,AET270_217_n
AET001_002_n,AET051_100_n,AET240_853_n,AET420_444_n,AET440_014_n
AET001_003_n,AET030_097_n
AET001_025_n,AET051_012_n,AET051_402_n,AET051_418_n,AET443_128_n
AET001_028_n,AET051_013_n,AET051_445_n
AET001_033_n,AET230_144_n
AET001_057_n,AET440_418_n,AET441_027_n
AET001_077_n,AET400_077_n,AET401_077_n,AET402_077_n
AET001_078_n,AET001_079_n,AET441_118_n
AET001_082_n,AET400_082_n,AET401_082_n,AET402_082_n
AET001_083_n,AET270_402_n
AET001_086_n,AET270_404_n,AET440_021_n
AET001_087_n,AET270_405_n,AET440_022_n
AET001_501_n,AET443_136_n
AET001_504_n,AET210_520_n,AET443_110_n
AET001_506_n,AET443_101_n
AET001_515_n,AET003_996_n,AET230_355_n,AET250_107_n,AET250_342_n
AET001_525_n,AET003_611_n
AET001_543_n,AET007_565_n
AET001_573_n,AET210_023_n,AET240_135_n
AET001_597_n,AET440_094_n,AET441_076_n
AET001_598_n,AET250_450_n
AET001_603_n,AET230_971_n,AET430_042_n,AET441_138_n
AET001_617_n,AET051_414_n,AET230_877_n
AET001_623_n,AET001_626_n
AET001_624_n,AET001_627_n
AET001_629_n,AET441_039_n
AET001_630_n,AET441_009_n
AET001_631_n,AET441_037_n
AET002_007_n,AET003_233_n
AET002_050_n,AET240_098_n
AET002_056_n,AET400_056_n,AET401_056_n,AET402_056_n
AET002_081_n,AET260_865_n
AET002_091_n,AET007_693_n,AET220_260_n
AET002_092_n,AET220_262_n
AET002_216_n,AET030_178_n,AET070_125_n,AET210_957_n,AET220_972_n,AET401_972_n,AET420_524_n
AET002_501_n,AET030_249_n
AET002_504_n,AET030_254_n,AET071_075_n,AET250_126_n
AET002_511_n,AET030_299_n
AET002_512_n,AET055_492_n,AET700_214_n
AET002_531_n,AET230_473_n,AET240_128_n
AET002_532_n,AET270_398_n,AET440_025_n
AET002_536_n,AET055_260_n
AET002_539_n,AET055_259_n,AET270_584_n,AET441_024_n
AET002_547_n,AET443_143_n
AET002_555_n,AET440_096_n,AET441_075_n
AET002_556_n,AET440_201_n,AET441_074_n
AET002_558_n,AET220_920_n,AET270_882_n,AET410_113_n,AET440_120_n,AET441_146_n
AET002_561_n,AET003_841_n,AET230_487_n
AET002_565_n,AET007_284_n,AET007_586_n,AET007_612_n,AET051_175_n,AET073_141_n,AET099_707_n,AET222_013_n,AET410_531_n
AET002_567_n,AET007_243_n
AET002_572_n,AET090_256_n,AET099_523_n,AET222_003_n,AET230_490_n,AET443_281_n,AET831_007_n
AET002_573_n,AET222_011_n
AET002_574_n,AET002_580_n,AET007_784_n,AET220_872_n,AET222_008_n,AET230_492_n
AET002_582_n,AET007_780_n
AET002_583_n,AET007_781_n
AET002_584_n,AET007_782_n
AET002_585_n,AET007_783_n
AET002_587_n,AET055_235_n,AET210_260_n,AET652_027_n
AET002_591_n,AET230_880_n
AET002_594_n,AET005_082_n,AET005_117_n,AET066_047_n,AET066_062_n,AET400_002_n,AET401_002_n,AET402_002_n
AET002_900_n,AET013_011_n
AET003_055_n,AET441_142_n
AET003_066_n,AET055_079_n
AET003_073_n,AET210_193_n,AET250_211_n
AET003_092_n,AET055_202_n,AET210_047_n
AET003_099_n,AET055_204_n,AET230_869_n,AET420_406_n
AET003_100_n,AET055_205_n,AET420_415_n
AET003_115_n,AET420_405_n
AET003_118_n,AET051_180_n
AET003_119_n,AET055_214_n,AET210_362_n,AET652_036_n
AET003_122_n,AET055_218_n,AET401_123_n
AET003_159_n,AET230_606_n
AET003_173_n,AET003_621_n,AET007_326_n
AET003_177_n,AET051_253_n,AET055_134_n,AET420_605_n
AET003_203_n,AET055_493_n
AET003_209_n,AET003_517_n,AET003_698_n,AET030_257_n,AET443_182_n
AET003_218_n,AET071_003_n
AET003_224_n,AET055_217_n
AET003_247_n,AET071_086_n,AET220_010_n,AET250_310_n
AET003_253_n,AET250_309_n,AET250_341_n,AET260_137_n,AET420_027_n
AET003_258_n,AET003_891_n,AET070_163_n,AET250_138_n
AET003_261_n,AET051_103_n,AET051_104_n
AET003_267_n,AET210_382_n,AET220_055_n
AET003_273_n,AET003_563_n,AET230_718_n,AET443_147_n
AET003_286_n,AET003_618_n,AET055_437_n,AET270_461_n,AET443_179_n
AET003_288_n,AET240_027_n,AET440_414_n
AET003_289_n,AET270_474_n
AET003_296_n,AET210_043_n
AET003_299_n,AET240_171_n,AET410_007_n
AET003_332_n,AET220_013_n
AET003_340_n,AET220_033_n,AET400_033_n,AET401_033_n,AET402_033_n
AET003_341_n,AET055_231_n,AET210_016_n,AET220_037_n
AET003_350_n,AET220_065_n
AET003_354_n,AET406_076_n
AET003_358_n,AET220_121_n,AET400_121_n,AET401_121_n,AET402_121_n
AET003_367_n,AET250_406_n
AET003_372_n,AET220_761_n,AET400_761_n,AET401_761_n,AET402_761_n
AET003_374_n,AET220_801_n
AET003_380_n,AET051_172_n,AET400_001_n,AET401_001_n,AET402_001_n,AET600_000_n
AET003_391_n,AET030_127_n
AET003_397_n,AET200_043_n
AET003_398_n,AET003_399_n,AET200_033_n,AET210_298_n
AET003_402_n,AET071_111_n
AET003_420_n,AET003_424_n,AET003_426_n,AET003_428_n,AET003_430_n,AET055_215_n
AET003_421_n,AET003_425_n,AET003_427_n,AET003_429_n,AET003_431_n
AET003_436_n,AET051_046_n,AET051_132_n,AET071_115_n
AET003_504_n,AET443_111_n
AET003_505_n,AET055_280_n
AET003_506_n,AET055_435_n,AET443_154_n,AET443_165_n
AET003_507_n,AET443_106_n
AET003_511_n,AET007_599_n,AET073_006_n,AET220_994_n,AET250_991_n,AET270_991_n,AET440_003_n
AET003_516_n,AET420_603_n,AET443_170_n
AET003_518_n,AET030_082_n
AET003_522_n,AET007_581_n,AET270_472_n,AET441_034_n,AET443_209_n,AET700_922_n
AET003_523_n,AET007_582_n
AET003_524_n,AET007_572_n,AET073_052_n,AET250_993_n,AET420_419_n,AET443_210_n
AET003_526_n,AET007_597_n,AET250_148_n
AET003_527_n,AET007_598_n
AET003_534_n,AET030_187_n,AET250_229_n
AET003_539_n,AET003_544_n,AET030_029_n
AET003_545_n,AET007_180_n,AET230_530_n
AET003_559_n,AET443_124_n
AET003_562_n,AET443_148_n
AET003_565_n,AET440_421_n,AET443_149_n,AET731_002_n
AET003_567_n,AET210_341_n,AET443_293_n
AET003_568_n,AET007_186_n,AET230_536_n
AET003_570_n,AET400_570_n,AET402_570_n
AET003_575_n,AET420_382_n
AET003_577_n,AET030_023_n,AET030_024_n,AET210_021_n
AET003_580_n,AET400_580_n,AET402_582_n
AET003_583_n,AET008_038_n
AET003_585_n,AET250_035_n
AET003_586_n,AET250_036_n
AET003_591_n,AET030_081_n,AET270_208_n
AET003_596_n,AET003_601_n,AET210_511_n,AET250_420_n,AET260_062_n,AET420_451_n,AET440_083_n,AET443_205_n
AET003_603_n,AET005_503_n,AET250_322_n
AET003_605_n,AET443_125_n
AET003_613_n,AET443_189_n
AET003_614_n,AET210_066_n,AET230_604_n,AET443_190_n
AET003_616_n,AET071_082_n,AET250_011_n
AET003_620_n,AET003_660_n,AET005_504_n
AET003_622_n,AET201_089_n,AET201_090_n,AET250_202_n
AET003_627_n,AET007_570_n,AET055_438_n,AET220_286_n,AET230_046_n,AET230_700_n,AET400_286_n,AET401_286_n,AET402_286_n,AET443_265_n
AET003_631_n,AET055_263_n,AET270_399_n,AET440_031_n
AET003_635_n,AET055_254_n,AET055_281_n,AET210_141_n,AET260_213_n,AET692_005_n
AET003_637_n,AET007_222_n,AET071_085_n,AET090_012_n,AET210_029_n,AET230_872_n,AET420_366_n
AET003_647_n,AET030_058_n,AET210_895_n,AET400_895_n,AET401_895_n,AET402_895_n,AET440_121_n,AET441_147_n
AET003_648_n,AET055_236_n,AET210_137_n,AET220_128_n,AET652_028_n
AET003_652_n,AET051_261_n,AET073_172_n,AET210_125_n,AET230_190_n,AET250_010_n,AET410_040_n,AET410_134_n,AET430_068_n,AET606_002_n
AET003_653_n,AET443_208_n
AET003_654_n,AET003_659_n,AET071_045_n,AET073_020_n,AET250_041_n,AET443_203_n
AET003_666_n,AET210_110_n
AET003_667_n,AET210_280_n
AET003_668_n,AET210_349_n
AET003_669_n,AET055_243_n,AET210_350_n,AET653_025_n
AET003_693_n,AET210_609_n,AET443_134_n
AET003_701_n,AET443_105_n
AET003_705_n,AET210_135_n
AET003_706_n,AET420_399_n
AET003_710_n,AET443_184_n
AET003_711_n,AET443_156_n
AET003_717_n,AET030_285_n
AET003_725_n,AET220_912_n,AET400_912_n,AET401_912_n,AET402_912_n,AET406_007_n,AET443_146_n
AET003_727_n,AET220_050_n,AET400_050_n,AET401_050_n,AET402_050_n
AET003_728_n,AET220_038_n,AET400_038_n,AET401_038_n,AET402_038_n,AET443_140_n
AET003_729_n,AET443_141_n
AET003_730_n,AET443_163_n
AET003_731_n,AET443_164_n
AET003_733_n,AET240_061_n
AET003_734_n,AET443_151_n
AET003_736_n,AET443_153_n
AET003_737_n,AET030_105_n,AET090_030_n,AET210_254_n,AET221_017_n,AET831_003_n
AET003_738_n,AET030_106_n,AET210_256_n,AET221_018_n
AET003_743_n,AET071_055_n,AET250_129_n
AET003_745_n,AET071_066_n,AET210_252_n,AET221_037_n,AET250_031_n
AET003_746_n,AET270_168_n
AET003_749_n,AET270_161_n,AET441_094_n
AET003_750_n,AET443_245_n
AET003_752_n,AET230_494_n,AET443_244_n
AET003_756_n,AET007_028_n
AET003_761_n,AET210_455_n
AET003_762_n,AET210_458_n
AET003_765_n,AET210_121_n
AET003_768_n,AET210_461_n
AET003_769_n,AET030_172_n,AET055_337_n,AET210_115_n,AET420_305_n
AET003_784_n,AET230_488_n
AET003_788_n,AET007_503_n,AET030_329_n
AET003_800_n,AET003_805_n
AET003_801_n,AET003_806_n
AET003_802_n,AET003_807_n
AET003_803_n,AET003_808_n
AET003_804_n,AET003_809_n
AET003_816_n,AET220_917_n,AET260_204_n,AET270_880_n,AET420_433_n
AET003_820_n,AET230_310_n,AET240_202_n
AET003_834_n,AET090_503_n
AET003_835_n,AET210_086_n,AET220_086_n
AET003_836_n,AET220_087_n
AET003_842_n,AET007_155_n,AET051_130_n
AET003_848_n,AET003_875_n,AET007_142_n
AET003_855_n,AET270_435_n
AET003_856_n,AET270_436_n
AET003_857_n,AET270_437_n
AET003_887_n,AET066_221_n,AET220_878_n,AET230_754_n,AET443_290_n
AET003_890_n,AET030_256_n,AET250_118_n,AET270_185_n
AET003_892_n,AET220_185_n,AET420_461_n
AET003_893_n,AET220_186_n
AET003_895_n,AET030_282_n,AET051_183_n,AET270_459_n,AET420_395_n,AET441_032_n,AET441_082_n
AET003_904_n,AET055_411_n,AET440_440_n
AET003_914_n,AET220_161_n
AET003_983_n,AET003_988_n
AET003_984_n,AET003_989_n
AET003_985_n,AET003_993_n
AET005_044_n,AET005_065_n,AET005_066_n,AET005_068_n,AET066_034_n,AET210_560_n,AET402_066_n
AET005_070_n,AET402_070_n,AET440_439_n
AET005_080_n,AET066_053_n,AET090_285_n,AET220_982_n,AET230_631_n,AET400_982_n,AET401_982_n,AET402_080_n,AET402_982_n,AET997_897_n
AET005_081_n,AET066_052_n,AET440_427_n
AET005_501_n,AET250_320_n,AET420_036_n
AET005_502_n,AET250_321_n
AET005_508_n,AET210_414_n,AET210_562_n,AET230_367_n,AET230_734_n,AET230_742_n
AET007_001_n,AET270_488_n
AET007_024_n,AET007_025_n,AET420_604_n,AET443_249_n
AET007_039_n,AET401_039_n
AET007_040_n,AET401_040_n
AET007_052_n,AET440_007_n,AET443_187_n
AET007_057_n,AET007_059_n
AET007_070_n,AET066_068_n,AET420_502_n
AET007_071_n,AET066_069_n,AET420_503_n
AET007_073_n,AET066_230_n
AET007_080_n,AET420_400_n
AET007_086_n,AET055_198_n
AET007_087_n,AET055_197_n
AET007_088_n,AET055_199_n
AET007_092_n,AET066_071_n,AET220_249_n,AET260_060_n,AET420_505_n,AET821_005_n
AET007_097_n,AET210_580_n,AET220_783_n,AET400_023_n,AET401_023_n,AET402_580_n,AET406_083_n
AET007_100_n,AET401_101_n
AET007_107_n,AET401_107_n
AET007_109_n,AET220_176_n,AET400_176_n
AET007_139_n,AET007_145_n
AET007_166_n,AET210_171_n
AET007_203_n,AET230_176_n
AET007_206_n,AET230_478_n
AET007_207_n,AET051_222_n,AET051_271_n,AET230_479_n,AET401_207_n
AET007_208_n,AET051_223_n,AET260_053_n,AET420_421_n
AET007_210_n,AET055_156_n,AET066_036_n,AET066_058_n
AET007_211_n,AET055_157_n,AET220_836_n,AET230_375_n,AET260_132_n,AET401_132_n
AET007_212_n,AET007_321_n,AET260_019_n
AET007_220_n,AET073_050_n,AET210_012_n,AET410_514_n,AET420_300_n
AET007_223_n,AET220_208_n
AET007_231_n,AET007_703_n,AET260_172_n
AET007_247_n,AET301_020_n
AET007_322_n,AET066_117_n,AET260_055_n
AET007_323_n,AET260_017_n
AET007_324_n,AET260_011_n
AET007_327_n,AET090_010_n,AET210_394_n
AET007_332_n,AET221_029_n,AET223_029_n
AET007_421_n,AET260_006_n
AET007_426_n,AET230_237_n
AET007_429_n,AET230_113_n
AET007_460_n,AET230_913_n,AET410_114_n,AET441_015_n,AET443_260_n,AET450_020_n,AET462_000_n,AET462_166_n,AET820_130_n
AET007_465_n,AET055_458_n
AET007_466_n,AET055_459_n
AET007_472_n,AET240_029_n,AET440_408_n
AET007_473_n,AET240_060_n
AET007_475_n,AET240_025_n,AET440_412_n
AET007_477_n,AET240_064_n
AET007_478_n,AET240_066_n
AET007_479_n,AET240_170_n
AET007_480_n,AET240_120_n,AET420_379_n,AET440_417_n
AET007_483_n,AET240_047_n
AET007_484_n,AET240_173_n,AET440_108_n
AET007_488_n,AET240_149_n
AET007_490_n,AET240_251_n
AET007_494_n,AET055_602_n,AET240_036_n
AET007_498_n,AET230_505_n
AET007_506_n,AET073_005_n,AET220_766_n
AET007_521_n,AET210_614_n,AET220_292_n,AET420_351_n,AET420_462_n
AET007_523_n,AET221_003_n,AET223_003_n
AET007_524_n,AET220_777_n
AET007_525_n,AET220_772_n
AET007_571_n,AET230_149_n
AET007_575_n,AET011_013_n
AET007_579_n,AET230_168_n
AET007_602_n,AET210_485_n
AET007_676_n,AET230_735_n
AET007_677_n,AET230_737_n
AET007_683_n,AET230_432_n
AET007_704_n,AET260_175_n
AET008_024_n,AET064_014_n
AET008_033_n,AET220_669_n
AET008_034_n,AET220_670_n
AET008_192_n,AET064_030_n
AET008_300_n,AET240_302_n
AET008_354_n,AET008_355_n
AET008_386_n,AET220_672_n
AET008_387_n,AET220_673_n
AET008_502_n,AET210_002_n,AET210_556_n,AET400_017_n,AET400_556_n,AET401_021_n,AET401_556_n,AET402_022_n,AET402_556_n
AET010_000_n,AET030_149_n
AET010_005_n,AET051_036_n,AET602_013_n
AET013_002_n,AET099_654_n,AET999_653_n
AET030_004_n,AET220_776_n,AET443_233_n
AET030_033_n,AET652_011_n
AET030_064_n,AET210_401_n
AET030_075_n,AET030_198_n,AET066_006_n,AET210_800_n,AET220_203_n,AET230_051_n,AET400_203_n,AET401_203_n,AET402_203_n,AET697_000_n
AET030_078_n,AET230_064_n
AET030_079_n,AET055_222_n,AET210_055_n,AET406_084_n
AET030_087_n,AET210_360_n
AET030_099_n,AET210_132_n
AET030_100_n,AET210_133_n
AET030_135_n,AET230_162_n,AET651_004_n
AET030_146_n,AET410_124_n
AET030_156_n,AET210_309_n,AET710_009_n
AET030_164_n,AET210_955_n,AET260_016_n,AET401_164_n
AET030_166_n,AET066_077_n,AET066_118_n
AET030_170_n,AET410_047_n
AET030_171_n,AET270_077_n
AET030_174_n,AET220_404_n
AET030_197_n,AET055_234_n,AET210_229_n,AET220_975_n
AET030_208_n,AET073_168_n,AET210_366_n,AET420_342_n
AET030_220_n,AET700_944_n
AET030_232_n,AET070_010_n,AET210_391_n,AET221_011_n
AET030_261_n,AET210_307_n
AET030_262_n,AET210_306_n
AET030_265_n,AET055_226_n,AET210_005_n
AET030_302_n,AET221_055_n,AET230_561_n
AET030_324_n,AET055_230_n
AET030_330_n,AET401_330_n
AET030_331_n,AET030_332_n
AET030_345_n,AET030_347_n,AET099_724_n,AET230_790_n
AET030_501_n,AET401_014_n
AET051_033_n,AET051_256_n,AET602_009_n
AET051_035_n,AET420_508_n,AET602_011_n,AET801_998_n
AET051_040_n,AET602_020_n
AET051_042_n,AET051_305_n
AET051_071_n,AET820_111_n
AET051_073_n,AET220_168_n,AET820_112_n
AET051_102_n,AET220_006_n
AET051_105_n,AET073_140_n
AET051_167_n,AET430_055_n
AET051_184_n,AET700_208_n
AET051_186_n,AET230_022_n,AET270_587_n,AET420_446_n,AET440_036_n
AET051_208_n,AET420_369_n
AET051_225_n,AET230_067_n
AET051_228_n,AET260_050_n,AET443_169_n
AET051_236_n,AET051_237_n
AET051_238_n,AET410_002_n
AET051_243_n,AET410_101_n
AET051_266_n,AET210_555_n,AET220_786_n,AET400_555_n,AET401_555_n,AET402_555_n,AET420_047_n
AET051_412_n,AET055_340_n,AET240_015_n,AET410_006_n,AET420_050_n,AET440_077_n,AET440_411_n
AET051_427_n,AET410_004_n
AET051_428_n,AET051_453_n,AET410_149_n
AET051_444_n,AET260_104_n,AET410_137_n
AET051_450_n,AET073_147_n,AET240_156_n
AET051_511_n,AET210_896_n,AET220_784_n,AET400_896_n,AET401_896_n,AET402_896_n,AET406_082_n,AET430_047_n,AET441_128_n
AET051_513_n,AET430_014_n
AET051_514_n,AET430_030_n
AET051_996_n,AET420_410_n
AET051_998_n,AET220_987_n,AET400_008_n,AET400_987_n,AET401_008_n,AET401_987_n,AET402_008_n,AET402_987_n,AET406_008_n,AET406_048_n,AET443_186_n
AET055_006_n,AET073_138_n
AET055_026_n,AET800_503_n,AET800_504_n
AET055_037_n,AET055_326_n,AET652_002_n
AET055_056_n,AET300_000_n
AET055_072_n,AET055_339_n,AET700_140_n
AET055_077_n,AET620_291_n
AET055_081_n,AET055_481_n,AET073_075_n,AET410_111_n,AET410_507_n
AET055_130_n,AET230_050_n,AET430_010_n
AET055_131_n,AET430_018_n
AET055_140_n,AET055_412_n
AET055_150_n,AET230_394_n
AET055_162_n,AET220_928_n
AET055_164_n,AET260_629_n
AET055_170_n,AET410_238_n
AET055_180_n,AET410_142_n
AET055_246_n,AET210_142_n,AET692_006_n
AET055_269_n,AET240_223_n
AET055_290_n,AET055_291_n,AET210_228_n
AET055_292_n,AET055_293_n,AET055_526_n
AET055_298_n,AET073_143_n,AET073_156_n
AET055_312_n,AET055_313_n,AET055_314_n
AET055_315_n,AET055_616_n
AET055_327_n,AET652_001_n
AET055_332_n,AET420_322_n
AET055_341_n,AET260_121_n,AET400_120_n,AET402_120_n,AET420_053_n,AET420_425_n
AET055_344_n,AET602_026_n
AET055_349_n,AET230_304_n
AET055_351_n,AET220_108_n,AET443_256_n
AET055_433_n,AET700_065_n
AET055_440_n,AET410_510_n
AET055_457_n,AET260_032_n
AET055_469_n,AET410_015_n
AET055_470_n,AET073_171_n,AET230_710_n,AET410_133_n,AET430_067_n
AET055_474_n,AET410_169_n
AET055_483_n,AET420_365_n
AET055_501_n,AET073_177_n,AET410_188_n
AET055_523_n,AET410_008_n
AET055_524_n,AET410_126_n
AET055_527_n,AET073_144_n,AET410_131_n,AET410_506_n
AET055_550_n,AET420_386_n
AET055_593_n,AET220_076_n,AET260_208_n,AET270_211_n,AET420_431_n
AET066_015_n,AET995_218_n
AET066_017_n,AET230_853_n,AET410_218_n
AET066_021_n,AET995_083_n
AET066_030_n,AET066_090_n
AET066_032_n,AET066_095_n,AET260_033_n,AET995_035_n
AET066_033_n,AET066_056_n,AET066_073_n,AET066_074_n,AET066_092_n,AET420_606_n,AET700_212_n,AET700_224_n
AET066_035_n,AET066_059_n
AET066_060_n,AET066_102_n
AET801_010_n,AET801_480_n
AET066_061_n,AET066_103_n
AET066_064_n,AET066_116_n
AET066_072_n,AET220_252_n
AET066_091_n,AET066_093_n,AET066_098_n,AET260_034_n,AET430_104_n
AET066_108_n,AET099_810_n
AET066_109_n,AET099_680_n
AET066_205_n,AET110_301_n,AET250_131_n
AET066_219_n,AET099_651_n
AET067_920_n,AET067_921_n,AET067_922_n,AET067_923_n
AET070_001_n,AET210_056_n,AET221_009_n,AET223_009_n
AET070_115_n,AET071_077_n,AET250_421_n
AET070_117_n,AET420_345_n,AET420_396_n
AET070_120_n,AET410_033_n,AET420_029_n
AET070_127_n,AET420_340_n
AET070_129_n,AET420_339_n
AET070_136_n,AET420_522_n
AET070_139_n,AET210_111_n
AET070_142_n,AET420_377_n
AET070_144_n,AET420_321_n
AET070_145_n,AET420_361_n
AET070_148_n,AET210_568_n,AET220_932_n,AET400_932_n,AET402_932_n,AET420_372_n
AET070_154_n,AET420_338_n
AET070_155_n,AET420_320_n
AET070_157_n,AET420_028_n
AET070_158_n,AET420_319_n
AET070_159_n,AET420_308_n
AET070_162_n,AET420_390_n
AET070_164_n,AET110_304_n,AET250_221_n
AET070_202_n,AET210_419_n,AET220_882_n,AET260_201_n,AET420_432_n
AET071_011_n,AET220_034_n,AET400_034_n,AET401_034_n,AET402_034_n,AET440_057_n
AET071_014_n,AET220_143_n
AET071_029_n,AET700_084_n
AET071_030_n,AET700_086_n
AET071_033_n,AET220_211_n
AET071_040_n,AET073_021_n,AET250_025_n
AET071_041_n,AET250_407_n
AET071_042_n,AET250_413_n
AET071_043_n,AET250_995_n
AET071_044_n,AET250_046_n
AET071_046_n,AET250_147_n
AET071_051_n,AET220_180_n,AET410_139_n,AET420_064_n
AET071_052_n,AET220_179_n,AET410_138_n,AET420_457_n
AET071_054_n,AET073_000_n,AET250_037_n
AET071_056_n,AET250_416_n
AET071_058_n,AET250_021_n
AET071_063_n,AET441_105_n
AET071_072_n,AET250_300_n,AET410_024_n
AET071_076_n,AET250_312_n
AET071_079_n,AET250_053_n
AET071_083_n,AET250_008_n
AET071_088_n,AET250_124_n
AET071_094_n,AET250_033_n,AET270_353_n
AET071_097_n,AET250_262_n
AET071_098_n,AET073_016_n,AET250_415_n
AET071_099_n,AET250_260_n
AET073_009_n,AET270_993_n
AET073_019_n,AET250_414_n
AET073_028_n,AET250_263_n
AET073_032_n,AET221_035_n,AET223_035_n
AET073_036_n,AET210_601_n,AET220_918_n,AET420_436_n
AET073_038_n,AET210_389_n,AET220_056_n,AET260_205_n,AET270_200_n,AET420_430_n
AET073_116_n,AET410_551_n
AET073_131_n,AET410_529_n
AET073_146_n,AET230_557_n,AET240_118_n,AET420_600_n,AET430_101_n,AET995_036_n
AET073_178_n,AET220_757_n,AET410_143_n
AET073_183_n,AET220_919_n,AET250_159_n,AET270_881_n
AET090_011_n,AET210_898_n
AET090_255_n,AET301_237_n
AET090_270_n,AET220_246_n,AET400_246_n
AET099_182_n,AET250_226_n
AET099_200_n,AET210_395_n
AET099_720_n,AET220_325_n,AET230_268_n
AET099_723_n,AET220_248_n,AET400_248_n,AET821_007_n,AET821_010_n
AET200_049_n,AET201_091_n,AET250_213_n
AET200_051_n,AET201_092_n,AET250_214_n
AET200_188_n,AET210_291_n
AET201_096_n,AET250_212_n,AET410_217_n,AET420_350_n
AET201_097_n,AET210_320_n,AET250_210_n
AET210_027_n,AET270_026_n
AET210_049_n,AET420_367_n
AET210_146_n,AET260_210_n
AET210_158_n,AET220_751_n,AET220_807_n,AET440_419_n
AET210_160_n,AET221_013_n
AET210_181_n,AET402_181_n
AET210_197_n,AET260_215_n,AET652_038_n
AET210_202_n,AET651_103_n
AET210_217_n,AET230_148_n
AET210_221_n,AET700_035_n
AET210_264_n,AET230_194_n
AET210_281_n,AET659_012_n
AET210_325_n,AET420_045_n
AET210_376_n,AET220_310_n,AET221_039_n,AET223_039_n,AET653_030_n
AET210_470_n,AET441_041_n
AET210_481_n,AET210_625_n,AET220_095_n,AET220_931_n,AET400_095_n
AET210_510_n,AET250_419_n
AET210_535_n,AET220_516_n
AET210_553_n,AET400_553_n,AET401_553_n,AET402_553_n
AET210_554_n,AET220_787_n,AET400_554_n,AET401_554_n,AET402_554_n
AET210_616_n,AET220_294_n,AET420_353_n
AET210_627_n,AET220_930_n
AET210_632_n,AET410_195_n
AET210_640_n,AET220_814_n,AET700_150_n
AET210_690_n,AET443_271_n
AET210_692_n,AET443_273_n
AET210_693_n,AET443_274_n
AET210_707_n,AET210_721_n
AET220_000_n,AET400_013_n,AET402_013_n
AET220_043_n,AET400_043_n,AET401_043_n,AET402_043_n
AET220_092_n,AET400_092_n,AET401_092_n,AET402_092_n
AET220_106_n,AET400_106_n,AET401_106_n,AET402_106_n
AET220_109_n,AET400_109_n,AET401_109_n,AET402_109_n
AET220_119_n,AET400_119_n,AET401_119_n,AET402_119_n
AET220_142_n,AET400_142_n,AET401_142_n,AET402_142_n
AET220_157_n,AET400_157_n,AET402_157_n
AET220_171_n,AET220_678_n,AET400_171_n,AET401_171_n,AET402_171_n
AET220_184_n,AET420_458_n
AET220_187_n,AET250_167_n
AET220_188_n,AET250_168_n
AET220_245_n,AET400_245_n
AET220_266_n,AET230_344_n
AET220_267_n,AET230_345_n
AET220_279_n,AET230_892_n,AET400_279_n,AET401_279_n,AET402_279_n
AET220_282_n,AET230_104_n,AET230_744_n,AET402_282_n
AET220_285_n,AET401_285_n,AET406_050_n
AET220_287_n,AET401_287_n,AET406_042_n
AET220_291_n,AET260_209_n,AET420_427_n
AET220_298_n,AET260_128_n,AET420_426_n
AET220_304_n,AET400_304_n,AET401_304_n,AET402_304_n
AET220_318_n,AET400_318_n
AET220_351_n,AET260_116_n
AET220_506_n,AET400_506_n,AET401_506_n,AET402_506_n,AET700_180_n
AET220_510_n,AET400_510_n,AET402_510_n
AET220_511_n,AET400_511_n,AET402_511_n
AET220_513_n,AET406_051_n
AET220_514_n,AET406_011_n
AET220_515_n,AET260_710_n
AET220_517_n,AET260_221_n
AET220_749_n,AET462_010_n,AET820_100_n
AET220_753_n,AET400_753_n,AET401_753_n,AET402_753_n
AET220_754_n,AET400_754_n,AET401_754_n,AET402_754_n
AET002_052_n,AET003_373_n,AET071_073_n,AET220_762_n,AET250_301_n,AET400_762_n,AET401_762_n,AET402_762_n
AET220_775_n,AET420_398_n
AET220_831_n,AET260_110_n,AET400_110_n,AET402_110_n,AET420_423_n
AET220_833_n,AET260_111_n
AET220_862_n,AET400_862_n
AET220_863_n,AET400_863_n,AET402_863_n
AET220_871_n,AET221_052_n
AET220_922_n,AET420_459_n
AET007_611_n,AET230_621_n
AET221_006_n,AET223_006_n,AET400_006_n,AET401_006_n,AET402_006_n
AET221_020_n,AET223_020_n
AET221_024_n,AET223_024_n
AET221_025_n,AET223_025_n
AET221_026_n,AET223_026_n
AET221_028_n,AET223_028_n
AET221_030_n,AET223_030_n
AET221_048_n,AET223_048_n,AET270_079_n
AET221_059_n,AET223_059_n
AET221_060_n,AET223_060_n,AET270_080_n,AET443_294_n
AET221_441_n,AET223_441_n
AET003_114_n,AET030_020_n,AET051_038_n,AET220_830_n,AET230_868_n,AET270_223_n,AET420_404_n,AET602_015_n
AET230_002_n,AET441_096_n
AET230_047_n,AET230_493_n
AET230_077_n,AET820_122_n
AET230_081_n,AET712_028_n
AET230_089_n,AET230_239_n
AET230_193_n,AET270_468_n
AET230_220_n,AET430_080_n
AET230_300_n,AET430_081_n
AET230_396_n,AET430_082_n
AET230_398_n,AET440_105_n
AET230_436_n,AET230_733_n,AET250_114_n
AET230_601_n,AET441_011_n
AET230_602_n,AET441_131_n
AET230_617_n,AET441_030_n
AET230_732_n,AET250_113_n
AET230_854_n,AET250_164_n
AET230_862_n,AET250_314_n,AET260_129_n,AET420_456_n
AET230_905_n,AET410_119_n,AET441_100_n,AET462_016_n,AET462_171_n,AET820_120_n
AET230_907_n,AET430_040_n
AET230_910_n,AET240_907_n,AET260_082_n,AET260_347_n,AET420_991_n
AET230_922_n,AET260_058_n
AET240_023_n,AET440_410_n
AET240_111_n,AET420_607_n
AET003_242_n,AET420_302_n,AET443_123_n,AET603_002_n
AET250_047_n,AET730_006_n
AET250_165_n,AET300_010_n
AET250_166_n,AET270_486_n,AET420_316_n
AET260_005_n,AET441_114_n
AET260_020_n,AET441_115_n
AET260_068_n,AET731_003_n
AET260_091_n,AET420_422_n
AET260_120_n,AET420_424_n
AET260_160_n,AET270_237_n
AET260_194_n,AET401_194_n
AET260_402_n,AET420_428_n
AET260_660_n,AET410_167_n
AET270_183_n,AET441_086_n
AET270_187_n,AET441_087_n
AET270_391_n,AET400_391_n,AET402_391_n
AET270_403_n,AET270_807_n,AET440_019_n
AET270_452_n,AET270_808_n
AET270_490_n,AET410_046_n
AET270_505_n,AET420_376_n
AET410_044_n,AET410_147_n
AET410_118_n,AET441_101_n,AET462_018_n,AET462_170_n
AET410_176_n,AET691_002_n
AET420_001_n,AET420_052_n
AET420_318_n,AET420_363_n
AET420_331_n,AET430_057_n
AET420_354_n,AET420_357_n
AET420_411_n,AET440_004_n,AET440_102_n,AET443_185_n
AET420_437_n,AET440_006_n
AET440_070_n,AET443_270_n
AET440_203_n,AET441_008_n
AET441_062_n,AET441_067_n
AET490_000_n,AET490_010_n,AET490_070_n,AET490_130_n,AET490_150_n
AET490_060_n,AET490_090_n,AET490_120_n
AET490_251_n,AET801_251_n
AET490_502_n,AET801_740_n,AET801_750_n,AET813_510_n,AET813_530_n
AET492_001_n,AET801_271_n
AET500_041_n,AET500_990_n
AET801_830_n,AET810_500_n,AET811_580_n
AET802_001_n,AET802_002_n
AET811_540_n,AET811_550_n
AET820_040_n,AET820_403_n
AET820_083_n,AET820_091_n
AET002_589_n,AET003_347_n,AET003_376_n,AET003_441_n,AET003_442_n,AET003_515_n,AET003_739_n,aet005_031_n,AET030_011_n,AET030_292_n,AET030_305_n,AET051_021_n,AET051_210_n,AET051_429_n,AET055_302_n,AET055_375_n,AET055_570_n,AET071_089_n,AET071_091_n,AET071_093_n,AET073_079_n,AET073_149_n,AET090_995_n,AET099_334_n,AET099_977_n,AET099_999_n,AET210_276_n,AET210_393_n,AET210_850_n,AET220_330_n,AET220_640_n,AET220_892_n,AET220_897_n,AET220_968_n,AET220_986_n,AET221_002_n,AET221_062_n,AET223_002_n,AET230_045_n,AET230_463_n,AET230_516_n,AET230_517_n,AET230_518_n,AET230_521_n,AET230_918_n,AET240_207_n,AET250_054_n,AET250_055_n,AET250_056_n,AET250_057_n,AET250_062_n,AET250_140_n,AET250_423_n,AET260_124_n,AET260_374_n,AET270_164_n,AET270_350_n,AET270_431_n,AET406_004_n,AET406_046_n,AET410_029_n,AET410_037_n,AET410_148_n,AET410_552_n,AET420_602_n,AET443_120_n,AET443_181_n,AET468_021_n
AET000_080_n,AET410_211_n
AET003_346_n,AET003_501_n,AET007_574_n,AET030_092_n,AET030_370_n,AET070_201_n,AET210_078_n,AET220_057_n,AET250_230_n,AET260_206_n,AET400_057_n,AET401_057_n,AET402_057_n,AET420_389_n
AET051_997_n,AET000_128_n,AET007_221_n,AET030_161_n,AET051_029_n,AET073_035_n,AET210_894_n,AET221_016_n,AET230_991_n,AET250_990_n,AET270_990_n,AET401_161_n,AET410_515_n,AET420_998_n
AET230_439_n,AET007_900_n,AET051_009_n,AET051_999_n,AET070_099_n,AET073_078_n
AET003_726_n,AET070_113_n,AET073_104_n,AET220_274_n,AET250_152_n,AET270_199_n,AET400_274_n,AET401_274_n,AET402_274_n,AET406_016_n,AET410_009_n,AET410_122_n,AET410_236_n
AET250_007_n,AET001_001_n,AET030_043_n,AET030_131_n,AET071_001_n,AET098_000_n,AET210_184_n,AET230_316_n,AET250_105_n,AET402_014_n,AET440_433_n
AET055_181_n,AET270_997_n,AET410_144_n,AET410_547_n
AET003_696_n,AET007_316_n,AET051_185_n,AET070_147_n,AET071_061_n,AET073_084_n,AET210_299_n,AET220_178_n,AET221_005_n,AET223_005_n,AET230_006_n,AET240_075_n,AET250_143_n,AET260_027_n,AET270_081_n,AET406_028_n,AET410_519_n,AET420_380_n,AET440_117_n,AET440_416_n,AET443_158_n
AET001_558_n,AET051_192_n,AET270_582_n,AET420_443_n,AET440_027_n,AET441_003_n,AET450_011_n
AET003_339_n,AET003_382_n,AET003_646_n,AET030_325_n,AET210_112_n,AET220_031_n,AET710_031_n
AET003_508_n,AET055_161_n,AET066_232_n,AET230_226_n,AET441_141_n,AET443_166_n,AET654_014_n
AET055_479_n,AET210_551_n,AET220_788_n,AET400_551_n,AET401_551_n,AET402_551_n,AET420_364_n
AET070_003_n,AET230_911_n,AET240_908_n,AET260_080_n,AET260_346_n,AET420_990_n
AET003_348_n,AET220_063_n,AET400_063_n,AET401_063_n,AET402_063_n,AET406_058_n
AET030_255_n,AET230_364_n,AET250_134_n,AET260_655_n,AET270_186_n,AET830_006_n
AET071_024_n,AET220_909_n,AET400_909_n,AET401_909_n,AET402_909_n,AET410_104_n
AET030_133_n,AET051_202_n,AET070_088_n,AET070_107_n,AET073_080_n,AET090_996_n,AET200_059_n,AET210_218_n,AET401_028_n,AET410_028_n,AET420_006_n,AET600_006_n
AET002_551_n,AET007_060_n,AET007_115_n,AET055_136_n,AET055_338_n,AET055_350_n,AET055_414_n,AET220_098_n,AET410_151_n,AET430_071_n
AET007_093_n,AET002_090_n,AET005_512_n,AET007_214_n,AET007_692_n,AET051_229_n,AET066_070_n,AET099_061_n,AET099_302_n,AET220_259_n,AET260_066_n
AET001_019_n,AET220_504_n,AET400_504_n,AET401_504_n,AET402_504_n
AET001_620_n,AET230_994_n,AET250_994_n,AET400_994_n,AET402_994_n
AET002_114_n,AET210_504_n,AET220_973_n,AET401_973_n,AET406_047_n
AET003_639_n,AET210_017_n,AET220_127_n,AET401_127_n,AET406_032_n
AET003_702_n,AET073_073_n,AET073_158_n,AET410_020_n,AET410_502_n
AET003_751_n,AET210_487_n,AET270_491_n,AET410_052_n,AET410_229_n
AET005_069_n,AET007_076_n,AET210_234_n,AET220_813_n,AET240_125_n
AET030_162_n,AET051_030_n,AET070_096_n,AET210_890_n,AET420_997_n
AET073_096_n,AET071_095_n,AET073_017_n,AET221_045_n,AET250_045_n
AET220_849_n,AET220_857_n,AET400_857_n,AET401_857_n,AET402_857_n
AET001_030_n,AET003_336_n,AET030_065_n,AET210_214_n,AET220_024_n,AET260_151_n,AET443_122_n
AET003_102_n,AET055_207_n,AET210_147_n,AET210_358_n,AET221_040_n,AET223_040_n,AET652_037_n
AET000_140_n,AET001_554_n,AET230_817_n,AET441_136_n
AET000_519_n,AET400_519_n,AET402_519_n,AET443_102_n
AET003_277_n,AET007_471_n,AET240_028_n,AET440_407_n
AET003_383_n,AET007_337_n,AET220_146_n,AET406_059_n
AET003_502_n,AET055_591_n,AET055_592_n,AET230_770_n
AET003_641_n,AET055_247_n,AET210_145_n,AET692_007_n
AET005_038_n,AET055_560_n,AET492_510_n,AET801_730_n
AET007_427_n,AET051_165_n,AET230_999_n,AET430_045_n
AET007_428_n,AET230_219_n,AET270_012_n,AET440_011_n
AET030_019_n,AET210_004_n,AET443_238_n,AET653_009_n
AET030_108_n,AET210_172_n,AET220_970_n,AET653_023_n
AET030_259_n,AET070_143_n,AET210_117_n,AET210_705_n
AET030_278_n,AET070_135_n,AET073_007_n,AET220_764_n
AET055_594_n,AET210_085_n,AET270_883_n,AET410_224_n
AET073_091_n,AET003_027_n,AET003_149_n,AET003_394_n,AET030_145_n,AET070_092_n,AET210_379_n,AET651_008_n
AET210_059_n,AET221_027_n,AET223_027_n,AET230_362_n
AET220_999_n,AET400_999_n,AET401_999_n,AET402_999_n
AET260_161_n,AET073_165_n,AET270_172_n,AET420_384_n
AET400_100_n,AET220_100_n,AET401_100_n,AET402_100_n
AET443_162_n,AET003_510_n,AET440_082_n,AET441_078_n
AET000_502_n,AET003_998_n,AET220_507_n,AET230_312_n,AET230_358_n,AET250_106_n,AET270_144_n,AET400_507_n,AET401_507_n,AET402_507_n
AET003_629_n,AET055_084_n,AET055_465_n,AET055_466_n,AET073_107_n,AET073_108_n,AET210_377_n,AET270_191_n,AET693_001_n
AET003_625_n,AET030_163_n,AET051_067_n,AET070_098_n,AET210_956_n,AET401_163_n,AET420_986_n
AET007_461_n,AET230_914_n,AET410_115_n,AET443_261_n,AET462_001_n,AET462_167_n,AET820_132_n
AET002_523_n,AET003_104_n,AET007_170_n,AET055_208_n,AET210_139_n,AET220_096_n,AET230_867_n,AET270_462_n,AET401_096_n,AET410_141_n,AET652_031_n,AET653_022_n
AET003_109_n,AET030_283_n,AET055_209_n,AET210_359_n,AET230_866_n,AET240_137_n,AET270_190_n,AET406_045_n,AET420_016_n,AET441_085_n
AET003_626_n,AET007_496_n,AET051_216_n,AET230_277_n,AET443_264_n
AET003_649_n,AET003_681_n,AET007_520_n,AET055_237_n,AET210_138_n,AET443_213_n
AET007_495_n,AET055_277_n,AET221_012_n,AET223_012_n,AET230_504_n
AET210_501_n,AET220_985_n,AET221_072_n,AET230_243_n,AET270_189_n
AET000_410_n,AET001_540_n,AET420_010_n
AET001_052_n,AET230_082_n,AET430_088_n
AET001_061_n,AET051_001_n,AET051_061_n
AET001_065_n,AET007_017_n,AET051_267_n
AET001_500_n,AET051_415_n,AET443_108_n
AET001_553_n,AET430_033_n,AET441_134_n
AET001_555_n,AET230_972_n,AET441_139_n
AET001_569_n,AET007_468_n,AET007_564_n
AET002_502_n,AET003_889_n,AET030_251_n,AET071_087_n,AET250_121_n,AET260_133_n
AET002_554_n,AET440_097_n,AET441_073_n
AET002_562_n,AET007_289_n,AET051_211_n,AET222_015_n,AET230_491_n,AET443_289_n
AET002_576_n,AET007_601_n,AET210_484_n
AET003_101_n,AET055_206_n,AET220_225_n
AET003_107_n,AET055_248_n,AET692_009_n
AET003_165_n,AET002_542_n,AET402_542_n
AET003_170_n,AET007_217_n,AET220_864_n
AET003_205_n,AET003_390_n,AET030_136_n,AET070_085_n
AET003_308_n,AET055_329_n,AET652_008_n
AET003_381_n,AET003_533_n,AET030_072_n,AET070_022_n,AET210_123_n,AET400_071_n,AET401_071_n,AET402_071_n,AET406_062_n,AET420_309_n,AET441_036_n,AET651_071_n
AET003_536_n,AET201_063_n,AET443_200_n
AET003_564_n,AET260_065_n,AET443_155_n
AET003_593_n,AET230_256_n,AET260_112_n
AET003_617_n,AET055_436_n,AET443_178_n
AET003_656_n,AET030_185_n,AET030_502_n
AET005_037_n,AET055_561_n,AET801_230_n
AET007_078_n,AET066_028_n,AET066_225_n
AET007_205_n,AET055_151_n,AET230_083_n
AET007_482_n,AET240_062_n,AET440_068_n
AET010_004_n,AET030_188_n,AET602_019_n
AET030_032_n,AET055_046_n,AET652_026_n
AET030_063_n,AET210_400_n,AET220_091_n
AET030_086_n,AET210_206_n,AET603_010_n
AET030_151_n,AET210_226_n,AET221_014_n
AET030_169_n,AET055_400_n,AET270_076_n
AET055_080_n,AET055_480_n,AET073_074_n,AET073_159_n,AET410_110_n,AET410_503_n
AET055_244_n,AET073_062_n,AET210_351_n,AET656_002_n
AET055_297_n,AET410_003_n,AET410_504_n
AET055_468_n,AET210_235_n,AET230_437_n
AET070_095_n,AET220_954_n,AET270_994_n
AET070_112_n,AET071_080_n,AET250_032_n
AET071_034_n,AET071_109_n,AET700_083_n
AET071_105_n,AET700_092_n,AET700_094_n
AET073_064_n,AET210_018_n,AET220_273_n,AET406_038_n,AET420_414_n,AET443_159_n
AET210_274_n,AET030_152_n,AET600_007_n
AET210_488_n,AET210_629_n,AET250_155_n,AET270_151_n
AET210_626_n,AET220_133_n,AET420_520_n
AET220_045_n,AET400_045_n,AET402_045_n
AET220_765_n,AET402_765_n,AET420_465_n
AET220_832_n,AET240_069_n,AET270_222_n
AET220_953_n,AET240_117_n,AET406_055_n
AET230_163_n,AET240_068_n,AET410_145_n
AET230_301_n,AET230_359_n,AET250_101_n
AET240_048_n,AET210_031_n,AET406_006_n
AET270_207_n,AET441_083_n,AET443_201_n
AET440_052_n,AET441_050_n,AET443_267_n
AET440_113_n,AET001_507_n,AET443_112_n
AET441_122_n,AET462_096_n,AET820_119_n
AET468_025_n,AET468_026_n,AET468_027_n
AET492_500_n,AET813_520_n,AET816_500_n
AET007_901_n,AET220_280_n,AET230_893_n,AET400_280_n,AET401_280_n,AET402_280_n,AET430_086_n,AET441_051_n
AET420_985_n,AET001_600_n,AET003_278_n,AET003_619_n,AET003_678_n,AET003_685_n,AET003_987_n,AET007_095_n,AET051_052_n,AET051_128_n,AET051_164_n,AET051_227_n,AET051_240_n,AET051_257_n,AET071_065_n,AET210_908_n,AET220_288_n,AET230_896_n,AET250_998_n,AET400_288_n,AET400_600_n,AET401_288_n,AET402_288_n,AET402_600_n,AET410_999_n,AET441_014_n,AET441_016_n,AET441_028_n,AET441_113_n,AET443_116_n,AET443_145_n,AET443_180_n,AET443_240_n
AET003_651_n,AET007_690_n,AET201_095_n,AET210_124_n,AET230_189_n,AET250_208_n,AET270_467_n,AET410_216_n
AET002_073_n,AET002_074_n,AET002_088_n,AET055_001_n,AET210_533_n,AET230_863_n,AET270_497_n
AET220_114_n,AET400_114_n,AET401_114_n,AET402_114_n
AET003_113_n,AET007_315_n,AET007_702_n,AET055_212_n,AET070_146_n,AET071_062_n,AET073_083_n,AET210_288_n,AET230_605_n,AET230_861_n,AET250_142_n,AET260_026_n,AET406_026_n,AET410_166_n,AET440_116_n,AET443_157_n
AET003_311_n,AET030_237_n,AET210_507_n,AET250_302_n,AET270_476_n
AET051_008_n,AET230_112_n,AET230_836_n,AET440_009_n,AET441_053_n
AET210_564_n,AET030_291_n,AET210_192_n,AET240_088_n,AET402_192_n
AET220_281_n,AET230_899_n,AET400_281_n,AET401_281_n,AET402_281_n
AET055_361_n,AET210_500_n,AET230_242_n,AET250_022_n,AET260_344_n,AET270_188_n
AET055_500_n,AET073_176_n,AET210_052_n,AET220_309_n
AET003_171_n,AET220_865_n
AET066_066_n,AET410_154_n
AET003_338_n,AET003_672_n,AET007_331_n,AET030_323_n,AET055_229_n,AET210_048_n,AET220_030_n,AET400_030_n,AET401_030_n,AET401_323_n,AET402_030_n,AET406_029_n
AET030_277_n,AET220_763_n
AET000_040_n,AET230_023_n
AET000_538_n,AET250_340_n
AET001_000_n,AET009_002_n
AET001_066_n,AET007_014_n
AET001_513_n,AET230_712_n
AET001_516_n,AET003_999_n,AET240_104_n,AET270_451_n
AET001_524_n,AET001_545_n
AET001_602_n,AET051_221_n,AET051_250_n,AET230_012_n,AET440_023_n
AET002_059_n,AET400_059_n,AET401_059_n,AET402_059_n
AET002_526_n,AET443_113_n
AET003_231_n,AET250_024_n
AET003_275_n,AET003_735_n,AET201_000_n,AET240_042_n,AET420_032_n,AET443_152_n
AET003_356_n,AET030_040_n
AET003_503_n,AET443_104_n
AET003_555_n,AET007_036_n,AET230_507_n,AET440_013_n
AET003_581_n,AET030_218_n,AET400_581_n,AET402_581_n
AET003_584_n,AET007_019_n
AET003_608_n,AET220_800_n
AET003_684_n,AET030_117_n,AET030_267_n,AET070_091_n,AET200_174_n,AET210_008_n,AET230_008_n,AET270_465_n,AET443_115_n
AET005_073_n,AET005_076_n
AET007_048_n,AET230_522_n
AET007_111_n,AET700_241_n
AET007_117_n,AET220_212_n
AET007_151_n,AET220_257_n
AET007_350_n,AET250_153_n
AET007_476_n,AET240_030_n
AET007_700_n,AET260_023_n
AET030_000_n,AET443_232_n
AET030_005_n,AET210_039_n
AET030_030_n,AET210_196_n,AET250_400_n,AET601_028_n
AET030_069_n,AET443_223_n
AET030_130_n,AET603_031_n
AET030_160_n,AET070_023_n,AET071_028_n,AET651_057_n
AET030_229_n,AET070_017_n,AET210_104_n,AET420_356_n
AET030_321_n,AET070_044_n
AET051_207_n,AET420_317_n
AET051_241_n,AET410_001_n
AET055_038_n,AET652_003_n
AET055_043_n,AET652_012_n
AET055_163_n,AET220_929_n
AET055_262_n,AET055_410_n
AET055_283_n,AET210_014_n
AET055_552_n,AET410_172_n
AET070_119_n,AET420_017_n
AET071_070_n,AET250_405_n
AET073_087_n,AET073_101_n
AET210_040_n,AET220_979_n
AET210_103_n,AET601_012_n
AET210_118_n,AET210_328_n
AET210_120_n,AET220_172_n
AET210_566_n,AET260_037_n
AET210_619_n,AET620_038_n
AET210_760_n,AET210_771_n
AET220_099_n,AET410_164_n
AET220_148_n,AET260_350_n
AET220_278_n,AET230_898_n,AET400_278_n,AET401_278_n,AET402_278_n,AET430_085_n
AET220_284_n,AET230_393_n,AET400_284_n,AET401_284_n,AET402_284_n,AET406_056_n
AET220_316_n,AET406_066_n
AET220_914_n,AET406_035_n
AET230_109_n,AET440_008_n
AET230_175_n,AET270_032_n
AET230_469_n,AET230_538_n,AET440_012_n,AET440_050_n
AET230_616_n,AET441_029_n
AET230_759_n,AET230_855_n
AET230_806_n,AET430_023_n
AET230_837_n,AET410_178_n
AET230_851_n,AET420_800_n
AET230_859_n,AET240_850_n
AET260_003_n,AET420_420_n
AET260_626_n,AET410_174_n
AET270_017_n,AET230_179_n
AET270_800_n,AET270_802_n
AET270_801_n,AET270_803_n
AET440_415_n,AET003_525_n
AET441_061_n,AET441_066_n
AET462_012_n,AET820_102_n
AET468_002_n,AET468_003_n
AET070_116_n,AET230_192_n
AET700_043_n,AET700_045_n
AET003_500_n,AET003_521_n,AET007_573_n,AET030_280_n,AET055_595_n,AET071_059_n,AET250_409_n,AET260_207_n,AET270_229_n,AET420_413_n,AET441_077_n,AET443_206_n,AET443_211_n
AET220_938_n,AET001_058_n,AET030_094_n,AET250_104_n,AET260_090_n,AET270_033_n,AET270_142_n,AET604_001_n
AET000_105_n,AET003_590_n,AET051_182_n,AET071_057_n,AET250_019_n,AET420_408_n,AET440_001_n
AET000_541_n,AET007_158_n,AET051_403_n,AET230_307_n,AET230_740_n,AET441_010_n
AET220_016_n,AET400_016_n,AET401_016_n,AET402_016_n,AET406_027_n,AET410_012_n
AET003_423_n,AET003_163_n,AET003_271_n,AET003_363_n,AET210_161_n,AET220_201_n,AET400_201_n,AET401_201_n,AET402_201_n,AET406_003_n
AET003_569_n,AET007_184_n,AET066_206_n,AET071_047_n,AET230_534_n,AET250_061_n
AET000_534_n,AET007_096_n,AET007_492_n,AET051_089_n,AET051_187_n,AET210_191_n,AET210_563_n,AET220_785_n,AET220_978_n,AET230_356_n,AET240_087_n,AET270_585_n,AET400_191_n,AET400_978_n,AET401_191_n,AET401_978_n,AET402_191_n,AET402_978_n,AET406_002_n,AET420_447_n,AET440_035_n,AET440_079_n,AET441_025_n
AET001_059_n,AET003_682_n,AET051_309_n,AET051_417_n,AET230_119_n,AET440_426_n,AET443_119_n
AET002_516_n,AET003_640_n,AET003_680_n,AET055_239_n,AET055_511_n,AET210_140_n,AET420_416_n,AET652_032_n
AET002_519_n,AET003_634_n,AET055_241_n,AET210_143_n,AET260_211_n,AET406_065_n,AET652_034_n
AET002_533_n,AET055_168_n,AET055_546_n,AET066_065_n,AET230_397_n,AET250_323_n,AET270_599_n
AET003_845_n,AET003_881_n,AET007_288_n,AET220_874_n,AET221_054_n,AET222_012_n,AET230_496_n
AET030_039_n,AET030_242_n,AET055_061_n,AET055_221_n,AET230_565_n,AET270_201_n,AET401_025_n
AET003_280_n,AET001_503_n,AET003_379_n,AET003_615_n,AET007_004_n,AET030_500_n,AET071_004_n,AET073_001_n,AET073_037_n,AET210_899_n,AET250_999_n,AET443_103_n,AET443_132_n
AET000_530_n,AET007_215_n,AET051_230_n,AET230_370_n
AET003_707_n,AET030_101_n,AET210_149_n,AET420_521_n
AET030_118_n,AET070_076_n,AET070_077_n,AET230_009_n
AET000_016_n,AET051_118_n,AET230_289_n,AET260_850_n,AET270_082_n
AET001_017_n,AET098_002_n,AET210_080_n,AET230_181_n,AET230_311_n,AET250_111_n
AET001_502_n,AET250_600_n,AET270_011_n,AET270_024_n,AET443_100_n
AET003_718_n,AET210_615_n,AET220_293_n,AET420_352_n,AET420_463_n
AET003_732_n,AET007_157_n,AET007_470_n,AET051_204_n,AET051_231_n,AET240_896_n,AET420_438_n,AET420_999_n,AET440_015_n
AET005_511_n,AET055_020_n,AET210_168_n,AET420_501_n,AET710_018_n
AET007_165_n,AET030_209_n,AET051_452_n,AET210_365_n,AET230_308_n,AET420_033_n
AET007_225_n,AET070_103_n,AET210_013_n,AET410_140_n,AET420_003_n
AET030_036_n,AET200_194_n,AET210_006_n,AET240_026_n,AET260_136_n
AET030_231_n,AET070_009_n,AET210_390_n,AET221_010_n,AET420_347_n
AET030_322_n,AET055_233_n,AET210_113_n,AET420_402_n,AET710_032_n
AET055_021_n,AET230_864_n,AET250_162_n,AET420_500_n,AET710_017_n
AET071_020_n,AET220_811_n,AET220_860_n,AET400_811_n,AET402_811_n
AET220_683_n,AET400_000_n,AET401_000_n,AET402_000_n,AET441_063_n
AET801_110_n,AET492_020_n,AET602_028_n,AET805_000_n,AET811_080_n
AET055_454_n,AET240_022_n,AET440_406_n
AET001_557_n,AET051_190_n,AET051_307_n,AET051_308_n,AET270_581_n,AET420_441_n,AET440_029_n,AET441_001_n
AET003_965_n,AET055_258_n,AET066_226_n,AET099_860_n,AET230_513_n,AET430_066_n,AET441_020_n,AET443_248_n
AET007_577_n,AET007_580_n,AET007_701_n,AET051_161_n,AET230_129_n,AET230_142_n,AET260_004_n,AET430_013_n
AET000_086_n,AET000_601_n,AET051_007_n
AET000_109_n,AET003_997_n,AET230_188_n
AET000_531_n,AET230_369_n,AET230_445_n
AET001_022_n,AET003_403_n,AET051_047_n,AET230_134_n,AET250_018_n,AET601_000_n
AET001_075_n,AET230_313_n,AET240_096_n
AET001_539_n,AET210_273_n,AET420_026_n,AET609_003_n
AET002_076_n,AET210_523_n,AET430_049_n
AET003_117_n,AET003_225_n,AET055_213_n
AET003_212_n,AET055_348_n,AET220_311_n
AET003_331_n,AET240_053_n,AET420_054_n
AET003_537_n,AET201_058_n,AET443_202_n
AET003_628_n,AET220_275_n,AET406_039_n
AET003_691_n,AET270_301_n,AET443_131_n
AET003_753_n,AET270_464_n,AET443_177_n
AET005_087_n,AET066_002_n,AET230_477_n,AET230_630_n,AET402_087_n,AET997_898_n
AET007_200_n,AET055_154_n,AET230_084_n
AET007_273_n,AET270_992_n,AET441_088_n
AET007_420_n,AET230_270_n,AET230_425_n
AET007_474_n,AET240_070_n,AET440_441_n
AET030_002_n,AET070_151_n,AET603_007_n
AET030_083_n,AET210_209_n,AET710_036_n
AET030_142_n,AET260_162_n,AET420_341_n
AET066_043_n,AET066_106_n,AET066_218_n
AET070_200_n,AET210_084_n,AET250_169_n,AET270_509_n
AET073_030_n,AET073_098_n,AET250_265_n
AET073_055_n,AET240_014_n,AET443_296_n
AET073_057_n,AET073_068_n,AET073_164_n
AET210_297_n,AET420_371_n
AET240_174_n,AET260_102_n,AET420_041_n
AET410_546_n,AET066_051_n,AET240_148_n
AET420_343_n,AET073_167_n,AET210_324_n
AET801_000_n,AET801_070_n,AET813_040_n
AET801_260_n,AET801_290_n,AET801_340_n
AET003_509_n,AET007_032_n,AET220_509_n,AET230_058_n,AET230_196_n,AET250_222_n,AET260_141_n,AET270_148_n,AET440_431_n
AET003_770_n,AET007_104_n,AET030_021_n,AET055_333_n,AET210_038_n,AET210_557_n,AET400_022_n,AET401_024_n,AET420_304_n
AET003_610_n,AET007_486_n,AET007_578_n,AET030_244_n,AET051_166_n,AET051_168_n,AET220_303_n,AET230_086_n,AET230_147_n,AET230_705_n,AET240_016_n,AET400_303_n,AET401_303_n,AET402_303_n,AET430_050_n,AET430_056_n,AET440_404_n
AET003_683_n,AET003_369_n,AET070_149_n,AET270_466_n,AET406_040_n,AET443_118_n
AET055_603_n,AET210_605_n,AET230_299_n,AET443_212_n,AET620_036_n,AET800_502_n
AET210_412_n,AET003_215_n,AET007_491_n,AET240_054_n,AET420_002_n
AET002_538_n,AET003_900_n,AET210_198_n,AET220_052_n,AET230_195_n,AET270_586_n,AET440_400_n
AET003_546_n,AET003_549_n,AET007_181_n,AET007_182_n,AET071_048_n,AET230_531_n,AET250_451_n
AET001_510_n,AET420_012_n,AET443_137_n
AET000_532_n,AET003_632_n,AET003_724_n,AET030_247_n,AET051_053_n,AET098_001_n,AET220_051_n,AET230_016_n,AET230_182_n,AET230_214_n,AET230_333_n,AET250_017_n,AET270_245_n,AET400_051_n,AET401_051_n,AET402_051_n,AET430_017_n,AET441_111_n
AET003_172_n,AET003_604_n,AET007_218_n,AET007_325_n,AET051_510_n,AET099_062_n,AET230_400_n,AET240_114_n,AET270_034_n,AET443_167_n,AET443_174_n,AET443_247_n
AET002_525_n,AET003_098_n,AET055_203_n,AET651_050_n
AET002_564_n,AET220_875_n,AET230_489_n,AET831_008_n
AET003_164_n,AET055_453_n,AET240_021_n,AET440_405_n
AET030_080_n,AET055_223_n,AET401_080_n,AET441_116_n
AET051_196_n,AET230_216_n,AET250_109_n,AET440_037_n
AET055_295_n,AET073_142_n,AET073_155_n,AET410_108_n
AET055_328_n,AET055_450_n,AET652_007_n,AET652_010_n
AET210_342_n,AET210_129_n,AET220_156_n,AET230_363_n
AET250_225_n,AET003_599_n,AET401_022_n,AET700_020_n
AET260_035_n,AET030_230_n,AET210_205_n,AET420_307_n
AET490_050_n,AET003_709_n,AET490_080_n,AET490_170_n
AET801_261_n,AET801_291_n,AET801_341_n,AET813_051_n
AET270_496_n,AET001_632_n,AET066_209_n,AET210_630_n,AET230_315_n,AET240_162_n,AET250_160_n,AET270_203_n,AET430_019_n,AET440_432_n
AET070_008_n,AET210_282_n,AET220_019_n,AET230_331_n,AET250_316_n,AET260_163_n
AET003_360_n,AET007_230_n
AET002_057_n,AET220_175_n
AET001_110_n,AET001_550_n,AET001_612_n,AET003_396_n,AET003_686_n,AET030_053_n,AET030_126_n,AET051_043_n,AET051_116_n,AET055_363_n,AET071_114_n,AET073_173_n,AET230_187_n,AET230_407_n,AET240_092_n,AET270_141_n,AET420_031_n,AET440_403_n,AET441_018_n,AET443_117_n,AET443_221_n
AET002_505_n,AET055_449_n,AET055_605_n,AET230_305_n,AET441_013_n
AET003_638_n,AET007_226_n,AET210_051_n,AET220_207_n,AET420_368_n,AET441_089_n
AET030_012_n,AET055_541_n,AET210_950_n,AET220_950_n,AET420_312_n
AET210_022_n,AET210_020_n,AET220_768_n,AET250_217_n,AET270_409_n,AET651_010_n
AET210_030_n,AET001_509_n,AET051_254_n,AET221_008_n,AET223_008_n
AET260_134_n,AET250_145_n,AET250_317_n,AET420_063_n
AET400_010_n,AET401_010_n,AET402_010_n,AET406_000_n
AET002_067_n,AET210_416_n,AET230_856_n,AET240_083_n,AET250_449_n,AET260_143_n,AET441_126_n
AET030_051_n,AET073_043_n,AET220_022_n,AET400_081_n,AET401_081_n,AET402_081_n,AET406_081_n,AET603_009_n
AET000_142_n,AET030_038_n,AET051_011_n,AET051_028_n,AET051_219_n,AET051_502_n,AET066_107_n,AET221_000_n,AET406_005_n
AET003_310_n,AET030_090_n,AET051_032_n,AET051_205_n,AET051_406_n,AET070_108_n,AET210_130_n,AET420_005_n,AET602_008_n
AET003_307_n,AET051_031_n,AET051_206_n,AET051_405_n,AET220_755_n,AET420_030_n,AET602_007_n
AET055_322_n,AET073_153_n,AET410_019_n,AET410_505_n
AET073_092_n,AET406_053_n
AET240_013_n,AET001_559_n,AET051_022_n,AET051_191_n,AET220_512_n,AET260_144_n,AET270_583_n,AET400_512_n,AET402_512_n,AET420_445_n,AET440_028_n,AET440_200_n,AET441_004_n
AET055_022_n,AET073_152_n,AET240_122_n,AET420_306_n,AET420_454_n,AET440_078_n,AET440_409_n
AET001_633_n,AET003_677_n,AET210_631_n,AET230_858_n,AET230_897_n,AET250_161_n,AET270_495_n,AET430_037_n,AET441_133_n
AET066_014_n,AET420_412_n,AET440_005_n
AET003_778_n,AET810_030_n,AET810_040_n,AET811_071_n
AET071_101_n,AET210_037_n,AET220_946_n,AET230_365_n,AET240_055_n,AET441_130_n
AET051_198_n,AET073_123_n,AET230_570_n,AET250_013_n,AET410_021_n,AET440_054_n,AET440_443_n
AET001_042_n,AET001_505_n,AET001_614_n,AET443_109_n,AET443_129_n
AET003_551_n,AET003_764_n,AET030_281_n,AET220_843_n,AET270_209_n
AET030_070_n,AET030_155_n,AET210_208_n,AET700_073_n,AET700_074_n
AET071_081_n,AET030_037_n,AET250_015_n,AET270_193_n,AET601_043_n
AET210_549_n,AET220_229_n,AET220_247_n,AET400_247_n,AET410_165_n
AET030_279_n,AET073_004_n,AET073_063_n,AET220_998_n,AET270_996_n,AET400_998_n,AET401_998_n,AET402_998_n
AET210_534_n,AET220_948_n,AET230_707_n,AET230_818_n,AET250_448_n,AET260_142_n,AET430_032_n
AET220_501_n,AET001_018_n,AET051_004_n,AET260_867_n,AET400_018_n,AET400_501_n,AET401_018_n,AET401_501_n,AET402_018_n,AET402_501_n
AET051_049_n,AET071_107_n,AET700_085_n,AET700_087_n
AET210_035_n,AET030_006_n,AET220_025_n,AET230_154_n,AET230_381_n,AET400_012_n,AET401_011_n,AET402_011_n,AET406_071_n,AET420_303_n,AET430_089_n
AET071_100_n,AET073_029_n,AET260_999_n,AET270_999_n,AET420_429_n,AET441_071_n,AET830_007_n
AET000_011_n,AET001_009_n,AET001_556_n,AET051_188_n,AET270_588_n,AET420_448_n,AET440_034_n
AET030_071_n,AET071_008_n,AET240_159_n,AET250_009_n,AET250_343_n,AET401_072_n,AET406_074_n
AET051_010_n,AET073_056_n,AET443_107_n
AET070_020_n,AET073_151_n
AET002_065_n,AET055_000_n,AET220_508_n,AET230_878_n,AET270_138_n,AET400_508_n,AET401_508_n,AET402_508_n
AET001_006_n,AET001_101_n
AET001_034_n,AET240_099_n
AET001_116_n,AET001_530_n,AET400_530_n,AET402_530_n
AET001_514_n,AET003_992_n,AET230_713_n
AET001_518_n,AET220_845_n
AET001_541_n,AET200_018_n
AET001_615_n,AET270_030_n,AET420_439_n
AET003_076_n,AET003_392_n,AET030_147_n
AET003_111_n,AET055_211_n,AET652_041_n
AET003_229_n,AET030_119_n,AET230_886_n
AET003_353_n,AET030_073_n,AET210_240_n,AET223_015_n
AET003_355_n,AET220_110_n
AET003_400_n,AET200_169_n
AET003_587_n,AET071_050_n,AET250_135_n
AET003_602_n,AET210_346_n,AET250_408_n,AET401_346_n,AET441_070_n,AET443_139_n,AET660_004_n
AET003_612_n,AET030_077_n,AET030_290_n,AET051_002_n,AET051_447_n,AET051_501_n,AET210_063_n,AET420_043_n,AET443_188_n
AET003_837_n,AET210_089_n,AET220_976_n
AET003_838_n,AET210_088_n
AET007_068_n,AET230_434_n
AET007_712_n,AET073_908_n
AET030_014_n,AET210_010_n
AET030_016_n,AET055_299_n,AET070_016_n
AET030_027_n,AET210_263_n
AET030_057_n,AET030_264_n,AET055_225_n,AET210_126_n
AET030_066_n,AET090_997_n,AET220_290_n,AET400_290_n,AET401_290_n,AET402_290_n,AET700_920_n
AET030_315_n,AET030_498_n
AET030_340_n,AET220_214_n
AET051_070_n,AET820_110_n
AET055_097_n,AET055_491_n
AET055_488_n,AET492_999_n,AET801_999_n
AET055_489_n,AET270_302_n,AET441_031_n
AET070_028_n,AET210_301_n,AET210_302_n,AET420_407_n
AET071_071_n,AET250_404_n
AET073_072_n,AET073_097_n
AET073_076_n,AET410_132_n
AET073_127_n,AET073_125_n,AET270_160_n
AET073_133_n,AET410_158_n
AET200_061_n,AET220_107_n
AET210_050_n,AET220_945_n
AET210_164_n,AET210_708_n
AET210_410_n,AET210_703_n
AET210_761_n,AET210_772_n
AET220_210_n,AET220_235_n
AET230_392_n,AET230_741_n,AET230_743_n
AET230_519_n,AET230_838_n
AET230_556_n,AET230_608_n,AET441_057_n
AET230_871_n,AET700_102_n
AET230_876_n,AET250_116_n
AET230_904_n,AET230_906_n,AET250_332_n
AET240_019_n,AET270_457_n,AET270_805_n
AET260_061_n,AET420_450_n
AET260_615_n,AET659_002_n
AET410_042_n,AET410_237_n
AET420_417_n,AET073_051_n,AET250_023_n
AET462_024_n,AET820_106_n
AET462_079_n,AET462_081_n
AET490_570_n,AET801_770_n
AET230_105_n,AET001_045_n,AET003_395_n,AET030_148_n,AET210_380_n,AET220_064_n,AET220_677_n,AET400_064_n,AET401_064_n,AET402_064_n
AET003_375_n,AET210_296_n,AET220_804_n,AET400_024_n,AET400_804_n,AET401_804_n,AET402_024_n,AET402_804_n,AET406_012_n,AET650_024_n
AET070_118_n,AET420_346_n
AET030_062_n,AET071_007_n,AET270_998_n,AET401_026_n
AET055_331_n,AET490_020_n
AET003_663_n,AET003_675_n,AET230_211_n,AET250_235_n,AET402_675_n
AET071_049_n,AET250_137_n
AET811_040_n,AET815_020_n,AET815_022_n
AET210_219_n,AET220_314_n,AET240_006_n,AET250_205_n
AET051_092_n,AET051_006_n,AET051_041_n,AET051_306_n,AET410_239_n
AET270_149_n,AET813_010_n
AET003_349_n,AET240_011_n,AET406_009_n,AET440_413_n
AET440_049_n,AET066_020_n,AET220_770_n,AET260_631_n,AET260_866_n
AET055_551_n,AET003_712_n
AET003_688_n,AET003_692_n,AET003_798_n,AET443_133_n,AET443_135_n
AET051_066_n,AET051_232_n
AET003_451_n,AET051_451_n,AET073_148_n,AET240_150_n
AET003_279_n,AET250_233_n,AET250_311_n,AET270_305_n,AET270_454_n
AET210_641_n,AET220_815_n,AET221_031_n,AET223_031_n,AET700_151_n
AET000_052_n,AET007_678_n,AET051_062_n,AET051_300_n
AET000_058_n,AET260_070_n,AET420_009_n
AET001_531_n,AET601_010_n,AET601_050_n
AET003_176_n,AET220_989_n,AET270_035_n
AET003_335_n,AET210_213_n,AET220_023_n
AET003_352_n,AET030_216_n,AET220_139_n,AET406_061_n
AET003_531_n,AET003_723_n,AET443_121_n
AET003_600_n,AET230_704_n,AET443_204_n
AET003_645_n,AET030_284_n,AET055_227_n,AET210_046_n
AET007_113_n,AET070_121_n,AET250_411_n
AET007_228_n,AET007_219_n,AET007_229_n
AET030_010_n,AET071_005_n,AET210_062_n
AET030_028_n,AET030_088_n,AET210_207_n,AET406_015_n
AET030_047_n,AET210_044_n,AET406_079_n,AET443_277_n
AET030_050_n,AET055_362_n,AET073_174_n,AET230_240_n
AET055_007_n,AET073_139_n,AET073_163_n
AET055_039_n,AET055_102_n
AET055_342_n,AET070_026_n,AET073_061_n,AET700_142_n
AET055_503_n,AET073_106_n,AET410_036_n
AET066_000_n,AET220_518_n,AET260_621_n,AET420_394_n
AET066_075_n,AET406_077_n,AET995_080_n
AET070_110_n,AET070_132_n,AET420_004_n
AET071_069_n,AET250_601_n,AET270_013_n
AET071_096_n,AET250_146_n,AET250_417_n
AET210_060_n,AET230_319_n,AET270_204_n
AET210_163_n,AET210_709_n
AET220_101_n,AET030_226_n
AET220_519_n,AET400_021_n,AET402_021_n
AET230_133_n,AET270_027_n,AET601_046_n
AET230_172_n,AET270_598_n,AET620_039_n
AET230_420_n,AET260_203_n
AET410_184_n,AET270_418_n,AET410_179_n
AET801_510_n,AET801_980_n,AET811_530_n
AET002_537_n,AET055_257_n,AET441_021_n
AET030_140_n,AET000_548_n
AET230_760_n,AET250_027_n,AET260_118_n,AET270_163_n,AET714_013_n
AET007_489_n,AET240_152_n
AET000_005_n,AET051_056_n
AET000_124_n,AET260_325_n
AET001_508_n,AET270_590_n
AET001_538_n,AET260_073_n
AET002_066_n,AET002_123_n
AET002_087_n,AET002_117_n
AET003_393_n,AET210_413_n
AET003_513_n,AET250_209_n
AET003_579_n,AET402_020_n
AET003_606_n,AET443_126_n
AET007_030_n,AET240_009_n
AET007_091_n,AET260_855_n
AET007_422_n,AET230_271_n
AET030_124_n,AET700_023_n
AET051_109_n,AET064_076_n
AET051_119_n,AET210_613_n
AET055_035_n,AET652_000_n
AET055_330_n,AET420_311_n
AET055_335_n,AET420_315_n
AET055_336_n,AET420_310_n
AET055_486_n,AET055_487_n
AET064_020_n,AET064_087_n
AET071_053_n,AET410_511_n
AET090_252_n,AET222_005_n
AET210_220_n,AET406_031_n
AET210_561_n,AET995_037_n
AET220_750_n,AET700_202_n
AET220_877_n,AET221_053_n
AET220_977_n,AET230_222_n
AET230_295_n,AET230_453_n
AET260_178_n,AET260_400_n
AET270_019_n,AET220_200_n
AET410_225_n,AET410_228_n
AET420_313_n,AET055_334_n
AET490_110_n,AET490_140_n
AET002_530_n,AET240_127_n,AET713_020_n
AET210_064_n,AET420_044_n
AET000_505_n,AET270_401_n
AET001_021_n,AET220_112_n
AET001_522_n,AET001_523_n
AET002_111_n,AET250_170_n
AET002_543_n,AET210_343_n
AET003_110_n,AET009_000_n
AET003_120_n,AET270_170_n
AET003_274_n,AET240_038_n
AET003_419_n,AET051_171_n
AET003_512_n,AET230_191_n
AET003_695_n,AET230_298_n
AET005_507_n,AET260_010_n
AET030_125_n,AET240_056_n
AET051_058_n,AET051_154_n
AET055_141_n,AET055_413_n
AET073_090_n,AET220_005_n
AET090_475_n,AET260_014_n
AET210_165_n,AET260_029_n
AET210_179_n,AET406_024_n
AET210_267_n,AET220_913_n
AET210_411_n,AET210_704_n,AET220_296_n
AET220_867_n,AET220_960_n
AET230_249_n,AET700_164_n
AET230_388_n,AET420_057_n
AET230_726_n,AET260_054_n
AET230_830_n,AET230_924_n
AET240_206_n,AET250_232_n
AET260_180_n,AET260_182_n
AET820_101_n,AET820_109_n
